Дата;Товар;Категория;Количество;Выручка
2025-09-01;Таёжное разнотравье 500 г;Мёд;16;14240
2025-09-02;Таёжное разнотравье 500 г;Мёд;16;14240
2025-09-03;Таёжное разнотравье 500 г;Мёд;7;6230
2025-09-04;Таёжное разнотравье 500 г;Мёд;10;8900
2025-09-05;Таёжное разнотравье 500 г;Мёд;12;10680
2025-09-06;Таёжное разнотравье 500 г;Мёд;12;10680
2025-09-07;Таёжное разнотравье 500 г;Мёд;4;3560
2025-09-08;Таёжное разнотравье 500 г;Мёд;15;13350
2025-09-09;Таёжное разнотравье 500 г;Мёд;22;19580
2025-09-10;Таёжное разнотравье 500 г;Мёд;10;8900
2025-09-11;Таёжное разнотравье 500 г;Мёд;8;7120
2025-09-12;Таёжное разнотравье 500 г;Мёд;11;9790
2025-09-13;Таёжное разнотравье 500 г;Мёд;12;10680
2025-09-14;Таёжное разнотравье 500 г;Мёд;16;14240
2025-09-15;Таёжное разнотравье 500 г;Мёд;12;10680
2025-09-16;Таёжное разнотравье 500 г;Мёд;16;14240
2025-09-17;Таёжное разнотравье 500 г;Мёд;10;8900
2025-09-18;Таёжное разнотравье 500 г;Мёд;7;6230
2025-09-19;Таёжное разнотравье 500 г;Мёд;13;11570
2025-09-20;Таёжное разнотравье 500 г;Мёд;14;12460
2025-09-21;Таёжное разнотравье 500 г;Мёд;14;12460
2025-09-22;Таёжное разнотравье 500 г;Мёд;9;8010
2025-09-23;Таёжное разнотравье 500 г;Мёд;13;11570
2025-09-24;Таёжное разнотравье 500 г;Мёд;16;14240
2025-09-25;Таёжное разнотравье 500 г;Мёд;13;11570
2025-09-26;Таёжное разнотравье 500 г;Мёд;10;8900
2025-09-27;Таёжное разнотравье 500 г;Мёд;10;8900
2025-09-28;Таёжное разнотравье 500 г;Мёд;12;10680
2025-09-29;Таёжное разнотравье 500 г;Мёд;12;10680
2025-09-30;Таёжное разнотравье 500 г;Мёд;11;9790
2025-10-01;Таёжное разнотравье 500 г;Мёд;15;13350
2025-10-02;Таёжное разнотравье 500 г;Мёд;16;14240
2025-10-03;Таёжное разнотравье 500 г;Мёд;12;10680
2025-10-04;Таёжное разнотравье 500 г;Мёд;7;6230
2025-10-05;Таёжное разнотравье 500 г;Мёд;8;7120
2025-10-06;Таёжное разнотравье 500 г;Мёд;15;13350
2025-10-07;Таёжное разнотравье 500 г;Мёд;14;12460
2025-10-08;Таёжное разнотравье 500 г;Мёд;16;14240
2025-10-09;Таёжное разнотравье 500 г;Мёд;12;10680
2025-10-10;Таёжное разнотравье 500 г;Мёд;15;13350
2025-10-11;Таёжное разнотравье 500 г;Мёд;6;5340
2025-10-12;Таёжное разнотравье 500 г;Мёд;17;15130
2025-10-13;Таёжное разнотравье 500 г;Мёд;19;16910
2025-10-14;Таёжное разнотравье 500 г;Мёд;12;10680
2025-10-15;Таёжное разнотравье 500 г;Мёд;20;17800
2025-10-16;Таёжное разнотравье 500 г;Мёд;10;8900
2025-10-17;Таёжное разнотравье 500 г;Мёд;15;13350
2025-10-18;Таёжное разнотравье 500 г;Мёд;15;13350
2025-10-19;Таёжное разнотравье 500 г;Мёд;16;14240
2025-10-20;Таёжное разнотравье 500 г;Мёд;19;16910
2025-10-21;Таёжное разнотравье 500 г;Мёд;14;12460
2025-10-22;Таёжное разнотравье 500 г;Мёд;15;13350
2025-10-23;Таёжное разнотравье 500 г;Мёд;10;8900
2025-10-24;Таёжное разнотравье 500 г;Мёд;15;13350
2025-10-25;Таёжное разнотравье 500 г;Мёд;19;16910
2025-10-26;Таёжное разнотравье 500 г;Мёд;14;12460
2025-10-27;Таёжное разнотравье 500 г;Мёд;17;15130
2025-10-28;Таёжное разнотравье 500 г;Мёд;9;8010
2025-10-29;Таёжное разнотравье 500 г;Мёд;16;14240
2025-10-30;Таёжное разнотравье 500 г;Мёд;12;10680
2025-10-31;Таёжное разнотравье 500 г;Мёд;15;13350
2025-11-01;Таёжное разнотравье 500 г;Мёд;19;16910
2025-11-02;Таёжное разнотравье 500 г;Мёд;17;15130
2025-11-03;Таёжное разнотравье 500 г;Мёд;20;17800
2025-11-04;Таёжное разнотравье 500 г;Мёд;19;16910
2025-11-05;Таёжное разнотравье 500 г;Мёд;19;16910
2025-11-06;Таёжное разнотравье 500 г;Мёд;22;19580
2025-11-07;Таёжное разнотравье 500 г;Мёд;14;12460
2025-11-08;Таёжное разнотравье 500 г;Мёд;17;15130
2025-11-09;Таёжное разнотравье 500 г;Мёд;26;23140
2025-11-10;Таёжное разнотравье 500 г;Мёд;19;16910
2025-11-11;Таёжное разнотравье 500 г;Мёд;25;22250
2025-11-12;Таёжное разнотравье 500 г;Мёд;7;6230
2025-11-13;Таёжное разнотравье 500 г;Мёд;22;19580
2025-11-14;Таёжное разнотравье 500 г;Мёд;13;11570
2025-11-15;Таёжное разнотравье 500 г;Мёд;16;14240
2025-11-16;Таёжное разнотравье 500 г;Мёд;11;9790
2025-11-17;Таёжное разнотравье 500 г;Мёд;16;14240
2025-11-18;Таёжное разнотравье 500 г;Мёд;22;19580
2025-11-19;Таёжное разнотравье 500 г;Мёд;12;10680
2025-11-20;Таёжное разнотравье 500 г;Мёд;22;19580
2025-11-21;Таёжное разнотравье 500 г;Мёд;14;12460
2025-11-22;Таёжное разнотравье 500 г;Мёд;10;8900
2025-11-23;Таёжное разнотравье 500 г;Мёд;14;12460
2025-11-24;Таёжное разнотравье 500 г;Мёд;35;31150
2025-11-25;Таёжное разнотравье 500 г;Мёд;29;25810
2025-11-26;Таёжное разнотравье 500 г;Мёд;29;25810
2025-11-27;Таёжное разнотравье 500 г;Мёд;32;28480
2025-11-28;Таёжное разнотравье 500 г;Мёд;30;26700
2025-11-29;Таёжное разнотравье 500 г;Мёд;22;19580
2025-11-30;Таёжное разнотравье 500 г;Мёд;29;25810
2025-12-01;Таёжное разнотравье 500 г;Мёд;31;27590
2025-12-02;Таёжное разнотравье 500 г;Мёд;26;23140
2025-12-03;Таёжное разнотравье 500 г;Мёд;18;16020
2025-12-04;Таёжное разнотравье 500 г;Мёд;11;9790
2025-12-05;Таёжное разнотравье 500 г;Мёд;21;18690
2025-12-06;Таёжное разнотравье 500 г;Мёд;19;16910
2025-12-07;Таёжное разнотравье 500 г;Мёд;23;20470
2025-12-08;Таёжное разнотравье 500 г;Мёд;21;18690
2025-12-09;Таёжное разнотравье 500 г;Мёд;25;22250
2025-12-10;Таёжное разнотравье 500 г;Мёд;17;15130
2025-12-11;Таёжное разнотравье 500 г;Мёд;17;15130
2025-12-12;Таёжное разнотравье 500 г;Мёд;23;20470
2025-12-13;Таёжное разнотравье 500 г;Мёд;12;10680
2025-12-14;Таёжное разнотравье 500 г;Мёд;22;19580
2025-12-15;Таёжное разнотравье 500 г;Мёд;23;20470
2025-12-16;Таёжное разнотравье 500 г;Мёд;30;26700
2025-12-17;Таёжное разнотравье 500 г;Мёд;33;29370
2025-12-18;Таёжное разнотравье 500 г;Мёд;21;18690
2025-12-19;Таёжное разнотравье 500 г;Мёд;20;17800
2025-12-20;Таёжное разнотравье 500 г;Мёд;18;16020
2025-12-21;Таёжное разнотравье 500 г;Мёд;30;26700
2025-12-22;Таёжное разнотравье 500 г;Мёд;30;26700
2025-12-23;Таёжное разнотравье 500 г;Мёд;29;25810
2025-12-24;Таёжное разнотравье 500 г;Мёд;35;31150
2025-12-25;Таёжное разнотравье 500 г;Мёд;22;19580
2025-12-26;Таёжное разнотравье 500 г;Мёд;23;20470
2025-12-27;Таёжное разнотравье 500 г;Мёд;23;20470
2025-12-28;Таёжное разнотравье 500 г;Мёд;27;24030
2025-12-29;Таёжное разнотравье 500 г;Мёд;24;21360
2025-12-30;Таёжное разнотравье 500 г;Мёд;35;31150
2025-12-31;Таёжное разнотравье 500 г;Мёд;21;18690
2026-01-01;Таёжное разнотравье 500 г;Мёд;6;5340
2026-01-02;Таёжное разнотравье 500 г;Мёд;10;8900
2026-01-03;Таёжное разнотравье 500 г;Мёд;14;12460
2026-01-04;Таёжное разнотравье 500 г;Мёд;9;8010
2026-01-05;Таёжное разнотравье 500 г;Мёд;9;8010
2026-01-06;Таёжное разнотравье 500 г;Мёд;15;13350
2026-01-07;Таёжное разнотравье 500 г;Мёд;12;10680
2026-01-08;Таёжное разнотравье 500 г;Мёд;12;10680
2026-01-09;Таёжное разнотравье 500 г;Мёд;26;23140
2026-01-10;Таёжное разнотравье 500 г;Мёд;17;15130
2026-01-11;Таёжное разнотравье 500 г;Мёд;16;14240
2026-01-12;Таёжное разнотравье 500 г;Мёд;15;13350
2026-01-13;Таёжное разнотравье 500 г;Мёд;15;13350
2026-01-14;Таёжное разнотравье 500 г;Мёд;20;17800
2026-01-15;Таёжное разнотравье 500 г;Мёд;19;16910
2026-01-16;Таёжное разнотравье 500 г;Мёд;22;19580
2026-01-17;Таёжное разнотравье 500 г;Мёд;11;9790
2026-01-18;Таёжное разнотравье 500 г;Мёд;19;16910
2026-01-19;Таёжное разнотравье 500 г;Мёд;25;22250
2026-01-20;Таёжное разнотравье 500 г;Мёд;27;24030
2026-01-21;Таёжное разнотравье 500 г;Мёд;16;14240
2026-01-22;Таёжное разнотравье 500 г;Мёд;16;14240
2026-01-23;Таёжное разнотравье 500 г;Мёд;17;15130
2026-01-24;Таёжное разнотравье 500 г;Мёд;19;16910
2026-01-25;Таёжное разнотравье 500 г;Мёд;28;24920
2026-01-26;Таёжное разнотравье 500 г;Мёд;22;19580
2026-01-27;Таёжное разнотравье 500 г;Мёд;30;26700
2026-01-28;Таёжное разнотравье 500 г;Мёд;25;22250
2026-01-29;Таёжное разнотравье 500 г;Мёд;13;11570
2026-01-30;Таёжное разнотравье 500 г;Мёд;21;18690
2026-01-31;Таёжное разнотравье 500 г;Мёд;16;14240
2026-02-01;Таёжное разнотравье 500 г;Мёд;17;15130
2026-02-02;Таёжное разнотравье 500 г;Мёд;21;18690
2026-02-03;Таёжное разнотравье 500 г;Мёд;26;23140
2026-02-04;Таёжное разнотравье 500 г;Мёд;24;21360
2026-02-05;Таёжное разнотравье 500 г;Мёд;21;18690
2026-02-06;Таёжное разнотравье 500 г;Мёд;25;22250
2026-02-07;Таёжное разнотравье 500 г;Мёд;13;11570
2026-02-08;Таёжное разнотравье 500 г;Мёд;24;21360
2026-02-09;Таёжное разнотравье 500 г;Мёд;30;26700
2026-02-10;Таёжное разнотравье 500 г;Мёд;8;7120
2026-02-11;Таёжное разнотравье 500 г;Мёд;10;8900
2026-02-12;Таёжное разнотравье 500 г;Мёд;23;20470
2026-02-13;Таёжное разнотравье 500 г;Мёд;23;20470
2026-02-14;Таёжное разнотравье 500 г;Мёд;20;17800
2026-02-15;Таёжное разнотравье 500 г;Мёд;25;22250
2026-02-16;Таёжное разнотравье 500 г;Мёд;17;15130
2026-02-17;Таёжное разнотравье 500 г;Мёд;20;17800
2026-02-18;Таёжное разнотравье 500 г;Мёд;14;12460
2026-02-19;Таёжное разнотравье 500 г;Мёд;14;12460
2026-02-20;Таёжное разнотравье 500 г;Мёд;19;16910
2026-02-21;Таёжное разнотравье 500 г;Мёд;17;15130
2026-02-22;Таёжное разнотравье 500 г;Мёд;25;22250
2026-02-23;Таёжное разнотравье 500 г;Мёд;16;14240
2026-02-24;Таёжное разнотравье 500 г;Мёд;19;16910
2026-02-25;Таёжное разнотравье 500 г;Мёд;20;17800
2026-02-26;Таёжное разнотравье 500 г;Мёд;15;13350
2026-02-27;Таёжное разнотравье 500 г;Мёд;20;17800
2026-02-28;Таёжное разнотравье 500 г;Мёд;24;21360
2026-03-01;Таёжное разнотравье 500 г;Мёд;19;18050
2026-03-02;Таёжное разнотравье 500 г;Мёд;21;19950
2026-03-03;Таёжное разнотравье 500 г;Мёд;14;13300
2026-03-04;Таёжное разнотравье 500 г;Мёд;16;15200
2026-03-05;Таёжное разнотравье 500 г;Мёд;19;18050
2026-03-06;Таёжное разнотравье 500 г;Мёд;16;15200
2026-03-07;Таёжное разнотравье 500 г;Мёд;12;11400
2026-03-08;Таёжное разнотравье 500 г;Мёд;16;15200
2026-03-09;Таёжное разнотравье 500 г;Мёд;20;19000
2026-03-10;Таёжное разнотравье 500 г;Мёд;15;14250
2026-03-11;Таёжное разнотравье 500 г;Мёд;19;18050
2026-03-12;Таёжное разнотравье 500 г;Мёд;19;18050
2026-03-13;Таёжное разнотравье 500 г;Мёд;15;14250
2026-03-14;Таёжное разнотравье 500 г;Мёд;16;15200
2026-03-15;Таёжное разнотравье 500 г;Мёд;20;19000
2026-03-16;Таёжное разнотравье 500 г;Мёд;21;19950
2026-03-17;Таёжное разнотравье 500 г;Мёд;19;18050
2026-03-18;Таёжное разнотравье 500 г;Мёд;22;20900
2026-03-19;Таёжное разнотравье 500 г;Мёд;22;20900
2026-03-20;Таёжное разнотравье 500 г;Мёд;11;10450
2026-03-21;Таёжное разнотравье 500 г;Мёд;19;18050
2026-03-22;Таёжное разнотравье 500 г;Мёд;15;14250
2026-03-23;Таёжное разнотравье 500 г;Мёд;15;14250
2026-03-24;Таёжное разнотравье 500 г;Мёд;21;19950
2026-03-25;Таёжное разнотравье 500 г;Мёд;16;15200
2026-03-26;Таёжное разнотравье 500 г;Мёд;18;17100
2026-03-27;Таёжное разнотравье 500 г;Мёд;15;14250
2026-03-28;Таёжное разнотравье 500 г;Мёд;12;11400
2026-03-29;Таёжное разнотравье 500 г;Мёд;20;19000
2026-03-30;Таёжное разнотравье 500 г;Мёд;21;19950
2026-03-31;Таёжное разнотравье 500 г;Мёд;14;13300
2026-04-01;Таёжное разнотравье 500 г;Мёд;12;11400
2026-04-02;Таёжное разнотравье 500 г;Мёд;17;16150
2026-04-03;Таёжное разнотравье 500 г;Мёд;15;14250
2026-04-04;Таёжное разнотравье 500 г;Мёд;8;7600
2026-04-05;Таёжное разнотравье 500 г;Мёд;16;15200
2026-04-06;Таёжное разнотравье 500 г;Мёд;14;13300
2026-04-07;Таёжное разнотравье 500 г;Мёд;24;22800
2026-04-08;Таёжное разнотравье 500 г;Мёд;13;12350
2026-04-09;Таёжное разнотравье 500 г;Мёд;16;15200
2026-04-10;Таёжное разнотравье 500 г;Мёд;15;14250
2026-04-11;Таёжное разнотравье 500 г;Мёд;11;10450
2026-04-12;Таёжное разнотравье 500 г;Мёд;18;17100
2026-04-13;Таёжное разнотравье 500 г;Мёд;21;19950
2026-04-14;Таёжное разнотравье 500 г;Мёд;8;7600
2026-04-15;Таёжное разнотравье 500 г;Мёд;16;15200
2026-04-16;Таёжное разнотравье 500 г;Мёд;20;19000
2026-04-17;Таёжное разнотравье 500 г;Мёд;15;14250
2026-04-18;Таёжное разнотравье 500 г;Мёд;14;13300
2026-04-19;Таёжное разнотравье 500 г;Мёд;14;13300
2026-04-20;Таёжное разнотравье 500 г;Мёд;18;17100
2026-04-21;Таёжное разнотравье 500 г;Мёд;15;14250
2026-04-22;Таёжное разнотравье 500 г;Мёд;17;16150
2026-04-23;Таёжное разнотравье 500 г;Мёд;13;12350
2026-04-24;Таёжное разнотравье 500 г;Мёд;14;13300
2026-04-25;Таёжное разнотравье 500 г;Мёд;14;13300
2026-04-26;Таёжное разнотравье 500 г;Мёд;13;12350
2026-04-27;Таёжное разнотравье 500 г;Мёд;19;18050
2026-04-28;Таёжное разнотравье 500 г;Мёд;10;9500
2026-04-29;Таёжное разнотравье 500 г;Мёд;14;13300
2026-04-30;Таёжное разнотравье 500 г;Мёд;17;16150
2026-05-01;Таёжное разнотравье 500 г;Мёд;12;11400
2026-05-02;Таёжное разнотравье 500 г;Мёд;11;10450
2026-05-03;Таёжное разнотравье 500 г;Мёд;9;8550
2026-05-04;Таёжное разнотравье 500 г;Мёд;21;19950
2026-05-05;Таёжное разнотравье 500 г;Мёд;14;13300
2026-05-06;Таёжное разнотравье 500 г;Мёд;9;8550
2026-05-07;Таёжное разнотравье 500 г;Мёд;16;15200
2026-05-08;Таёжное разнотравье 500 г;Мёд;18;17100
2026-05-09;Таёжное разнотравье 500 г;Мёд;16;15200
2026-05-10;Таёжное разнотравье 500 г;Мёд;11;10450
2026-05-11;Таёжное разнотравье 500 г;Мёд;21;19950
2026-05-12;Таёжное разнотравье 500 г;Мёд;15;14250
2026-05-13;Таёжное разнотравье 500 г;Мёд;11;10450
2026-05-14;Таёжное разнотравье 500 г;Мёд;12;11400
2026-05-15;Таёжное разнотравье 500 г;Мёд;11;10450
2026-05-16;Таёжное разнотравье 500 г;Мёд;11;10450
2026-05-17;Таёжное разнотравье 500 г;Мёд;20;19000
2026-05-18;Таёжное разнотравье 500 г;Мёд;9;8550
2026-05-19;Таёжное разнотравье 500 г;Мёд;13;12350
2026-05-20;Таёжное разнотравье 500 г;Мёд;16;15200
2026-05-21;Таёжное разнотравье 500 г;Мёд;12;11400
2026-05-22;Таёжное разнотравье 500 г;Мёд;13;12350
2026-05-23;Таёжное разнотравье 500 г;Мёд;10;9500
2026-05-24;Таёжное разнотравье 500 г;Мёд;10;9500
2026-05-25;Таёжное разнотравье 500 г;Мёд;15;14250
2026-05-26;Таёжное разнотравье 500 г;Мёд;12;11400
2026-05-27;Таёжное разнотравье 500 г;Мёд;14;13300
2026-05-28;Таёжное разнотравье 500 г;Мёд;18;17100
2026-05-29;Таёжное разнотравье 500 г;Мёд;13;12350
2026-05-30;Таёжное разнотравье 500 г;Мёд;12;11400
2026-05-31;Таёжное разнотравье 500 г;Мёд;11;10450
2026-06-01;Таёжное разнотравье 500 г;Мёд;13;12350
2026-06-02;Таёжное разнотравье 500 г;Мёд;18;17100
2026-06-03;Таёжное разнотравье 500 г;Мёд;13;12350
2026-06-04;Таёжное разнотравье 500 г;Мёд;16;15200
2026-06-05;Таёжное разнотравье 500 г;Мёд;17;16150
2026-06-06;Таёжное разнотравье 500 г;Мёд;7;6650
2026-06-07;Таёжное разнотравье 500 г;Мёд;21;19950
2026-06-08;Таёжное разнотравье 500 г;Мёд;14;13300
2026-06-09;Таёжное разнотравье 500 г;Мёд;22;20900
2026-06-10;Таёжное разнотравье 500 г;Мёд;4;3800
2026-06-11;Таёжное разнотравье 500 г;Мёд;5;4750
2026-06-12;Таёжное разнотравье 500 г;Мёд;12;11400
2026-06-13;Таёжное разнотравье 500 г;Мёд;3;2850
2026-06-14;Таёжное разнотравье 500 г;Мёд;11;10450
2026-06-15;Таёжное разнотравье 500 г;Мёд;16;15200
2026-06-16;Таёжное разнотравье 500 г;Мёд;11;10450
2026-06-17;Таёжное разнотравье 500 г;Мёд;11;10450
2026-06-18;Таёжное разнотравье 500 г;Мёд;12;11400
2026-06-19;Таёжное разнотравье 500 г;Мёд;11;10450
2026-06-20;Таёжное разнотравье 500 г;Мёд;14;13300
2026-06-21;Таёжное разнотравье 500 г;Мёд;10;9500
2026-06-22;Таёжное разнотравье 500 г;Мёд;14;13300
2026-06-23;Таёжное разнотравье 500 г;Мёд;9;8550
2026-06-24;Таёжное разнотравье 500 г;Мёд;18;17100
2026-06-25;Таёжное разнотравье 500 г;Мёд;11;10450
2026-06-26;Таёжное разнотравье 500 г;Мёд;7;6650
2026-06-27;Таёжное разнотравье 500 г;Мёд;11;10450
2026-06-28;Таёжное разнотравье 500 г;Мёд;13;12350
2026-06-29;Таёжное разнотравье 500 г;Мёд;18;17100
2026-06-30;Таёжное разнотравье 500 г;Мёд;17;16150
2026-07-01;Таёжное разнотравье 500 г;Мёд;8;7600
2026-07-02;Таёжное разнотравье 500 г;Мёд;16;15200
2026-07-03;Таёжное разнотравье 500 г;Мёд;17;16150
2026-07-04;Таёжное разнотравье 500 г;Мёд;9;8550
2026-07-05;Таёжное разнотравье 500 г;Мёд;10;9500
2026-07-06;Таёжное разнотравье 500 г;Мёд;15;14250
2026-07-07;Таёжное разнотравье 500 г;Мёд;11;10450
2026-07-08;Таёжное разнотравье 500 г;Мёд;6;5700
2026-07-09;Таёжное разнотравье 500 г;Мёд;10;9500
2026-07-10;Таёжное разнотравье 500 г;Мёд;13;12350
2026-07-11;Таёжное разнотравье 500 г;Мёд;11;10450
2026-07-12;Таёжное разнотравье 500 г;Мёд;8;7600
2026-07-13;Таёжное разнотравье 500 г;Мёд;9;8550
2026-07-14;Таёжное разнотравье 500 г;Мёд;13;12350
2026-07-15;Таёжное разнотравье 500 г;Мёд;12;11400
2026-07-16;Таёжное разнотравье 500 г;Мёд;9;8550
2026-07-17;Таёжное разнотравье 500 г;Мёд;12;11400
2026-07-18;Таёжное разнотравье 500 г;Мёд;7;6650
2026-07-19;Таёжное разнотравье 500 г;Мёд;13;12350
2026-07-20;Таёжное разнотравье 500 г;Мёд;16;15200
2026-07-21;Таёжное разнотравье 500 г;Мёд;13;12350
2026-07-22;Таёжное разнотравье 500 г;Мёд;12;11400
2026-07-23;Таёжное разнотравье 500 г;Мёд;15;14250
2026-07-24;Таёжное разнотравье 500 г;Мёд;10;9500
2026-07-25;Таёжное разнотравье 500 г;Мёд;15;14250
2026-07-26;Таёжное разнотравье 500 г;Мёд;14;13300
2026-07-27;Таёжное разнотравье 500 г;Мёд;23;21850
2026-07-28;Таёжное разнотравье 500 г;Мёд;18;17100
2026-07-29;Таёжное разнотравье 500 г;Мёд;12;11400
2026-07-30;Таёжное разнотравье 500 г;Мёд;16;15200
2026-07-31;Таёжное разнотравье 500 г;Мёд;12;11400
2026-08-01;Таёжное разнотравье 500 г;Мёд;11;10450
2026-08-02;Таёжное разнотравье 500 г;Мёд;16;15200
2026-08-03;Таёжное разнотравье 500 г;Мёд;10;9500
2026-08-04;Таёжное разнотравье 500 г;Мёд;11;10450
2026-08-05;Таёжное разнотравье 500 г;Мёд;17;16150
2026-08-06;Таёжное разнотравье 500 г;Мёд;10;9500
2026-08-07;Таёжное разнотравье 500 г;Мёд;12;11400
2026-08-08;Таёжное разнотравье 500 г;Мёд;10;9500
2026-08-09;Таёжное разнотравье 500 г;Мёд;11;10450
2026-08-10;Таёжное разнотравье 500 г;Мёд;9;8550
2026-08-11;Таёжное разнотравье 500 г;Мёд;15;14250
2026-08-12;Таёжное разнотравье 500 г;Мёд;21;19950
2026-08-13;Таёжное разнотравье 500 г;Мёд;7;6650
2026-08-14;Таёжное разнотравье 500 г;Мёд;17;16150
2026-08-15;Таёжное разнотравье 500 г;Мёд;7;6650
2026-08-16;Таёжное разнотравье 500 г;Мёд;13;12350
2026-08-17;Таёжное разнотравье 500 г;Мёд;12;11400
2026-08-18;Таёжное разнотравье 500 г;Мёд;15;14250
2026-08-19;Таёжное разнотравье 500 г;Мёд;8;7600
2026-08-20;Таёжное разнотравье 500 г;Мёд;10;9500
2026-08-21;Таёжное разнотравье 500 г;Мёд;20;19000
2026-08-22;Таёжное разнотравье 500 г;Мёд;7;6650
2026-08-23;Таёжное разнотравье 500 г;Мёд;14;13300
2026-08-24;Таёжное разнотравье 500 г;Мёд;20;19000
2026-08-25;Таёжное разнотравье 500 г;Мёд;14;13300
2026-08-26;Таёжное разнотравье 500 г;Мёд;10;9500
2026-08-27;Таёжное разнотравье 500 г;Мёд;17;16150
2026-08-28;Таёжное разнотравье 500 г;Мёд;15;14250
2026-08-29;Таёжное разнотравье 500 г;Мёд;10;9500
2026-08-30;Таёжное разнотравье 500 г;Мёд;9;8550
2026-08-31;Таёжное разнотравье 500 г;Мёд;9;8550
2026-09-01;Таёжное разнотравье 500 г;Мёд;19;18050
2026-09-02;Таёжное разнотравье 500 г;Мёд;13;12350
2026-09-03;Таёжное разнотравье 500 г;Мёд;10;9500
2026-09-04;Таёжное разнотравье 500 г;Мёд;11;10450
2026-09-05;Таёжное разнотравье 500 г;Мёд;9;8550
2026-09-06;Таёжное разнотравье 500 г;Мёд;14;13300
2026-09-07;Таёжное разнотравье 500 г;Мёд;16;15200
2026-09-08;Таёжное разнотравье 500 г;Мёд;14;13300
2026-09-09;Таёжное разнотравье 500 г;Мёд;10;9500
2026-09-10;Таёжное разнотравье 500 г;Мёд;10;9500
2026-09-11;Таёжное разнотравье 500 г;Мёд;20;19000
2026-09-12;Таёжное разнотравье 500 г;Мёд;13;12350
2026-09-13;Таёжное разнотравье 500 г;Мёд;14;13300
2026-09-14;Таёжное разнотравье 500 г;Мёд;16;15200
2026-09-15;Таёжное разнотравье 500 г;Мёд;22;20900
2026-09-16;Таёжное разнотравье 500 г;Мёд;6;5700
2026-09-17;Таёжное разнотравье 500 г;Мёд;18;17100
2026-09-18;Таёжное разнотравье 500 г;Мёд;13;12350
2026-09-19;Таёжное разнотравье 500 г;Мёд;10;9500
2026-09-20;Таёжное разнотравье 500 г;Мёд;15;14250
2026-09-21;Таёжное разнотравье 500 г;Мёд;12;11400
2026-09-22;Таёжное разнотравье 500 г;Мёд;14;13300
2026-09-23;Таёжное разнотравье 500 г;Мёд;15;14250
2026-09-24;Таёжное разнотравье 500 г;Мёд;16;15200
2026-09-25;Таёжное разнотравье 500 г;Мёд;23;21850
2026-09-26;Таёжное разнотравье 500 г;Мёд;9;8550
2026-09-27;Таёжное разнотравье 500 г;Мёд;21;19950
2026-09-28;Таёжное разнотравье 500 г;Мёд;17;16150
2026-09-29;Таёжное разнотравье 500 г;Мёд;17;16150
2026-09-30;Таёжное разнотравье 500 г;Мёд;14;13300
2025-09-01;Липовый 500 г;Мёд;9;7110
2025-09-02;Липовый 500 г;Мёд;9;7110
2025-09-03;Липовый 500 г;Мёд;8;6320
2025-09-04;Липовый 500 г;Мёд;7;5530
2025-09-05;Липовый 500 г;Мёд;10;7900
2025-09-06;Липовый 500 г;Мёд;11;8690
2025-09-07;Липовый 500 г;Мёд;15;11850
2025-09-08;Липовый 500 г;Мёд;7;5530
2025-09-09;Липовый 500 г;Мёд;9;7110
2025-09-10;Липовый 500 г;Мёд;10;7900
2025-09-11;Липовый 500 г;Мёд;13;10270
2025-09-12;Липовый 500 г;Мёд;10;7900
2025-09-13;Липовый 500 г;Мёд;8;6320
2025-09-14;Липовый 500 г;Мёд;1;790
2025-09-15;Липовый 500 г;Мёд;10;7900
2025-09-16;Липовый 500 г;Мёд;13;10270
2025-09-17;Липовый 500 г;Мёд;12;9480
2025-09-18;Липовый 500 г;Мёд;6;4740
2025-09-19;Липовый 500 г;Мёд;12;9480
2025-09-20;Липовый 500 г;Мёд;8;6320
2025-09-21;Липовый 500 г;Мёд;11;8690
2025-09-22;Липовый 500 г;Мёд;9;7110
2025-09-23;Липовый 500 г;Мёд;11;8690
2025-09-24;Липовый 500 г;Мёд;6;4740
2025-09-25;Липовый 500 г;Мёд;9;7110
2025-09-26;Липовый 500 г;Мёд;7;5530
2025-09-27;Липовый 500 г;Мёд;6;4740
2025-09-28;Липовый 500 г;Мёд;12;9480
2025-09-29;Липовый 500 г;Мёд;6;4740
2025-09-30;Липовый 500 г;Мёд;6;4740
2025-10-01;Липовый 500 г;Мёд;3;2370
2025-10-02;Липовый 500 г;Мёд;11;8690
2025-10-03;Липовый 500 г;Мёд;10;7900
2025-10-04;Липовый 500 г;Мёд;11;8690
2025-10-05;Липовый 500 г;Мёд;12;9480
2025-10-06;Липовый 500 г;Мёд;14;11060
2025-10-07;Липовый 500 г;Мёд;9;7110
2025-10-08;Липовый 500 г;Мёд;9;7110
2025-10-09;Липовый 500 г;Мёд;7;5530
2025-10-10;Липовый 500 г;Мёд;9;7110
2025-10-11;Липовый 500 г;Мёд;12;9480
2025-10-12;Липовый 500 г;Мёд;12;9480
2025-10-13;Липовый 500 г;Мёд;13;10270
2025-10-14;Липовый 500 г;Мёд;10;7900
2025-10-15;Липовый 500 г;Мёд;10;7900
2025-10-16;Липовый 500 г;Мёд;8;6320
2025-10-17;Липовый 500 г;Мёд;14;11060
2025-10-18;Липовый 500 г;Мёд;15;11850
2025-10-19;Липовый 500 г;Мёд;11;8690
2025-10-20;Липовый 500 г;Мёд;11;8690
2025-10-21;Липовый 500 г;Мёд;17;13430
2025-10-22;Липовый 500 г;Мёд;12;9480
2025-10-23;Липовый 500 г;Мёд;13;10270
2025-10-24;Липовый 500 г;Мёд;13;10270
2025-10-25;Липовый 500 г;Мёд;11;8690
2025-10-26;Липовый 500 г;Мёд;12;9480
2025-10-27;Липовый 500 г;Мёд;10;7900
2025-10-28;Липовый 500 г;Мёд;9;7110
2025-10-29;Липовый 500 г;Мёд;7;5530
2025-10-30;Липовый 500 г;Мёд;11;8690
2025-10-31;Липовый 500 г;Мёд;23;18170
2025-11-01;Липовый 500 г;Мёд;12;9480
2025-11-02;Липовый 500 г;Мёд;12;9480
2025-11-03;Липовый 500 г;Мёд;23;18170
2025-11-04;Липовый 500 г;Мёд;15;11850
2025-11-05;Липовый 500 г;Мёд;18;14220
2025-11-06;Липовый 500 г;Мёд;7;5530
2025-11-07;Липовый 500 г;Мёд;16;12640
2025-11-08;Липовый 500 г;Мёд;11;8690
2025-11-09;Липовый 500 г;Мёд;12;9480
2025-11-10;Липовый 500 г;Мёд;26;20540
2025-11-11;Липовый 500 г;Мёд;10;7900
2025-11-12;Липовый 500 г;Мёд;22;17380
2025-11-13;Липовый 500 г;Мёд;17;13430
2025-11-14;Липовый 500 г;Мёд;8;6320
2025-11-15;Липовый 500 г;Мёд;11;8690
2025-11-16;Липовый 500 г;Мёд;16;12640
2025-11-17;Липовый 500 г;Мёд;15;11850
2025-11-18;Липовый 500 г;Мёд;12;9480
2025-11-19;Липовый 500 г;Мёд;7;5530
2025-11-20;Липовый 500 г;Мёд;16;12640
2025-11-21;Липовый 500 г;Мёд;19;15010
2025-11-22;Липовый 500 г;Мёд;8;6320
2025-11-23;Липовый 500 г;Мёд;11;8690
2025-11-24;Липовый 500 г;Мёд;19;15010
2025-11-25;Липовый 500 г;Мёд;18;14220
2025-11-26;Липовый 500 г;Мёд;29;22910
2025-11-27;Липовый 500 г;Мёд;23;18170
2025-11-28;Липовый 500 г;Мёд;25;19750
2025-11-29;Липовый 500 г;Мёд;17;13430
2025-11-30;Липовый 500 г;Мёд;18;14220
2025-12-01;Липовый 500 г;Мёд;24;18960
2025-12-02;Липовый 500 г;Мёд;18;14220
2025-12-03;Липовый 500 г;Мёд;10;7900
2025-12-04;Липовый 500 г;Мёд;15;11850
2025-12-05;Липовый 500 г;Мёд;13;10270
2025-12-06;Липовый 500 г;Мёд;14;11060
2025-12-07;Липовый 500 г;Мёд;22;17380
2025-12-08;Липовый 500 г;Мёд;10;7900
2025-12-09;Липовый 500 г;Мёд;15;11850
2025-12-10;Липовый 500 г;Мёд;14;11060
2025-12-11;Липовый 500 г;Мёд;13;10270
2025-12-12;Липовый 500 г;Мёд;15;11850
2025-12-13;Липовый 500 г;Мёд;14;11060
2025-12-14;Липовый 500 г;Мёд;21;16590
2025-12-15;Липовый 500 г;Мёд;27;21330
2025-12-16;Липовый 500 г;Мёд;22;17380
2025-12-17;Липовый 500 г;Мёд;28;22120
2025-12-18;Липовый 500 г;Мёд;19;15010
2025-12-19;Липовый 500 г;Мёд;19;15010
2025-12-20;Липовый 500 г;Мёд;23;18170
2025-12-21;Липовый 500 г;Мёд;26;20540
2025-12-22;Липовый 500 г;Мёд;21;16590
2025-12-23;Липовый 500 г;Мёд;17;13430
2025-12-24;Липовый 500 г;Мёд;24;18960
2025-12-25;Липовый 500 г;Мёд;28;22120
2025-12-26;Липовый 500 г;Мёд;16;12640
2025-12-27;Липовый 500 г;Мёд;16;12640
2025-12-28;Липовый 500 г;Мёд;26;20540
2025-12-29;Липовый 500 г;Мёд;23;18170
2025-12-30;Липовый 500 г;Мёд;17;13430
2025-12-31;Липовый 500 г;Мёд;13;10270
2026-01-01;Липовый 500 г;Мёд;10;7900
2026-01-02;Липовый 500 г;Мёд;7;5530
2026-01-03;Липовый 500 г;Мёд;13;10270
2026-01-04;Липовый 500 г;Мёд;4;3160
2026-01-05;Липовый 500 г;Мёд;13;10270
2026-01-06;Липовый 500 г;Мёд;7;5530
2026-01-07;Липовый 500 г;Мёд;9;7110
2026-01-08;Липовый 500 г;Мёд;10;7900
2026-01-09;Липовый 500 г;Мёд;13;10270
2026-01-10;Липовый 500 г;Мёд;9;7110
2026-01-11;Липовый 500 г;Мёд;16;12640
2026-01-12;Липовый 500 г;Мёд;11;8690
2026-01-13;Липовый 500 г;Мёд;19;15010
2026-01-14;Липовый 500 г;Мёд;11;8690
2026-01-15;Липовый 500 г;Мёд;14;11060
2026-01-16;Липовый 500 г;Мёд;19;15010
2026-01-17;Липовый 500 г;Мёд;12;9480
2026-01-18;Липовый 500 г;Мёд;23;18170
2026-01-19;Липовый 500 г;Мёд;20;15800
2026-01-20;Липовый 500 г;Мёд;10;7900
2026-01-21;Липовый 500 г;Мёд;11;8690
2026-01-22;Липовый 500 г;Мёд;14;11060
2026-01-23;Липовый 500 г;Мёд;18;14220
2026-01-24;Липовый 500 г;Мёд;10;7900
2026-01-25;Липовый 500 г;Мёд;14;11060
2026-01-26;Липовый 500 г;Мёд;22;17380
2026-01-27;Липовый 500 г;Мёд;18;14220
2026-01-28;Липовый 500 г;Мёд;12;9480
2026-01-29;Липовый 500 г;Мёд;20;15800
2026-01-30;Липовый 500 г;Мёд;16;12640
2026-01-31;Липовый 500 г;Мёд;8;6320
2026-02-01;Липовый 500 г;Мёд;23;18170
2026-02-02;Липовый 500 г;Мёд;17;13430
2026-02-03;Липовый 500 г;Мёд;16;12640
2026-02-04;Липовый 500 г;Мёд;19;15010
2026-02-05;Липовый 500 г;Мёд;12;9480
2026-02-06;Липовый 500 г;Мёд;11;8690
2026-02-07;Липовый 500 г;Мёд;13;10270
2026-02-08;Липовый 500 г;Мёд;14;11060
2026-02-09;Липовый 500 г;Мёд;24;18960
2026-02-10;Липовый 500 г;Мёд;19;15010
2026-02-11;Липовый 500 г;Мёд;15;11850
2026-02-12;Липовый 500 г;Мёд;16;12640
2026-02-13;Липовый 500 г;Мёд;13;10270
2026-02-14;Липовый 500 г;Мёд;10;7900
2026-02-15;Липовый 500 г;Мёд;21;16590
2026-02-16;Липовый 500 г;Мёд;21;16590
2026-02-17;Липовый 500 г;Мёд;17;13430
2026-02-18;Липовый 500 г;Мёд;19;15010
2026-02-19;Липовый 500 г;Мёд;11;8690
2026-02-20;Липовый 500 г;Мёд;15;11850
2026-02-21;Липовый 500 г;Мёд;5;3950
2026-02-22;Липовый 500 г;Мёд;20;15800
2026-02-23;Липовый 500 г;Мёд;16;12640
2026-02-24;Липовый 500 г;Мёд;12;9480
2026-02-25;Липовый 500 г;Мёд;18;14220
2026-02-26;Липовый 500 г;Мёд;11;8690
2026-02-27;Липовый 500 г;Мёд;15;11850
2026-02-28;Липовый 500 г;Мёд;13;10270
2026-03-01;Липовый 500 г;Мёд;14;11900
2026-03-02;Липовый 500 г;Мёд;13;11050
2026-03-03;Липовый 500 г;Мёд;19;16150
2026-03-04;Липовый 500 г;Мёд;15;12750
2026-03-05;Липовый 500 г;Мёд;20;17000
2026-03-06;Липовый 500 г;Мёд;9;7650
2026-03-07;Липовый 500 г;Мёд;6;5100
2026-03-08;Липовый 500 г;Мёд;8;6800
2026-03-09;Липовый 500 г;Мёд;21;17850
2026-03-10;Липовый 500 г;Мёд;18;15300
2026-03-11;Липовый 500 г;Мёд;19;16150
2026-03-12;Липовый 500 г;Мёд;14;11900
2026-03-13;Липовый 500 г;Мёд;13;11050
2026-03-14;Липовый 500 г;Мёд;12;10200
2026-03-15;Липовый 500 г;Мёд;18;15300
2026-03-16;Липовый 500 г;Мёд;11;9350
2026-03-17;Липовый 500 г;Мёд;19;16150
2026-03-18;Липовый 500 г;Мёд;12;10200
2026-03-19;Липовый 500 г;Мёд;11;9350
2026-03-20;Липовый 500 г;Мёд;11;9350
2026-03-21;Липовый 500 г;Мёд;13;11050
2026-03-22;Липовый 500 г;Мёд;15;12750
2026-03-23;Липовый 500 г;Мёд;18;15300
2026-03-24;Липовый 500 г;Мёд;16;13600
2026-03-25;Липовый 500 г;Мёд;13;11050
2026-03-26;Липовый 500 г;Мёд;7;5950
2026-03-27;Липовый 500 г;Мёд;12;10200
2026-03-28;Липовый 500 г;Мёд;12;10200
2026-03-29;Липовый 500 г;Мёд;13;11050
2026-03-30;Липовый 500 г;Мёд;15;12750
2026-03-31;Липовый 500 г;Мёд;15;12750
2026-04-01;Липовый 500 г;Мёд;7;5950
2026-04-02;Липовый 500 г;Мёд;12;10200
2026-04-03;Липовый 500 г;Мёд;12;10200
2026-04-04;Липовый 500 г;Мёд;20;17000
2026-04-05;Липовый 500 г;Мёд;9;7650
2026-04-06;Липовый 500 г;Мёд;9;7650
2026-04-07;Липовый 500 г;Мёд;13;11050
2026-04-08;Липовый 500 г;Мёд;15;12750
2026-04-09;Липовый 500 г;Мёд;13;11050
2026-04-10;Липовый 500 г;Мёд;19;16150
2026-04-11;Липовый 500 г;Мёд;12;10200
2026-04-12;Липовый 500 г;Мёд;15;12750
2026-04-13;Липовый 500 г;Мёд;18;15300
2026-04-14;Липовый 500 г;Мёд;19;16150
2026-04-15;Липовый 500 г;Мёд;10;8500
2026-04-16;Липовый 500 г;Мёд;9;7650
2026-04-17;Липовый 500 г;Мёд;12;10200
2026-04-18;Липовый 500 г;Мёд;7;5950
2026-04-19;Липовый 500 г;Мёд;17;14450
2026-04-20;Липовый 500 г;Мёд;18;15300
2026-04-21;Липовый 500 г;Мёд;11;9350
2026-04-22;Липовый 500 г;Мёд;13;11050
2026-04-23;Липовый 500 г;Мёд;13;11050
2026-04-24;Липовый 500 г;Мёд;14;11900
2026-04-25;Липовый 500 г;Мёд;8;6800
2026-04-26;Липовый 500 г;Мёд;9;7650
2026-04-27;Липовый 500 г;Мёд;13;11050
2026-04-28;Липовый 500 г;Мёд;15;12750
2026-04-29;Липовый 500 г;Мёд;8;6800
2026-04-30;Липовый 500 г;Мёд;9;7650
2026-05-01;Липовый 500 г;Мёд;7;5950
2026-05-02;Липовый 500 г;Мёд;6;5100
2026-05-03;Липовый 500 г;Мёд;17;14450
2026-05-04;Липовый 500 г;Мёд;9;7650
2026-05-05;Липовый 500 г;Мёд;14;11900
2026-05-06;Липовый 500 г;Мёд;11;9350
2026-05-07;Липовый 500 г;Мёд;11;9350
2026-05-08;Липовый 500 г;Мёд;8;6800
2026-05-09;Липовый 500 г;Мёд;9;7650
2026-05-10;Липовый 500 г;Мёд;11;9350
2026-05-11;Липовый 500 г;Мёд;10;8500
2026-05-12;Липовый 500 г;Мёд;8;6800
2026-05-13;Липовый 500 г;Мёд;10;8500
2026-05-14;Липовый 500 г;Мёд;18;15300
2026-05-15;Липовый 500 г;Мёд;11;9350
2026-05-16;Липовый 500 г;Мёд;11;9350
2026-05-17;Липовый 500 г;Мёд;14;11900
2026-05-18;Липовый 500 г;Мёд;8;6800
2026-05-19;Липовый 500 г;Мёд;14;11900
2026-05-20;Липовый 500 г;Мёд;15;12750
2026-05-21;Липовый 500 г;Мёд;14;11900
2026-05-22;Липовый 500 г;Мёд;8;6800
2026-05-23;Липовый 500 г;Мёд;6;5100
2026-05-24;Липовый 500 г;Мёд;13;11050
2026-05-25;Липовый 500 г;Мёд;10;8500
2026-05-26;Липовый 500 г;Мёд;11;9350
2026-05-27;Липовый 500 г;Мёд;12;10200
2026-05-28;Липовый 500 г;Мёд;14;11900
2026-05-29;Липовый 500 г;Мёд;5;4250
2026-05-30;Липовый 500 г;Мёд;7;5950
2026-05-31;Липовый 500 г;Мёд;6;5100
2026-06-01;Липовый 500 г;Мёд;9;7650
2026-06-02;Липовый 500 г;Мёд;9;7650
2026-06-03;Липовый 500 г;Мёд;9;7650
2026-06-04;Липовый 500 г;Мёд;8;6800
2026-06-05;Липовый 500 г;Мёд;11;9350
2026-06-06;Липовый 500 г;Мёд;8;6800
2026-06-07;Липовый 500 г;Мёд;8;6800
2026-06-08;Липовый 500 г;Мёд;6;5100
2026-06-09;Липовый 500 г;Мёд;16;13600
2026-06-10;Липовый 500 г;Мёд;12;10200
2026-06-11;Липовый 500 г;Мёд;9;7650
2026-06-12;Липовый 500 г;Мёд;8;6800
2026-06-13;Липовый 500 г;Мёд;11;9350
2026-06-14;Липовый 500 г;Мёд;10;8500
2026-06-15;Липовый 500 г;Мёд;12;10200
2026-06-16;Липовый 500 г;Мёд;16;13600
2026-06-17;Липовый 500 г;Мёд;4;3400
2026-06-18;Липовый 500 г;Мёд;6;5100
2026-06-19;Липовый 500 г;Мёд;12;10200
2026-06-20;Липовый 500 г;Мёд;9;7650
2026-06-21;Липовый 500 г;Мёд;9;7650
2026-06-22;Липовый 500 г;Мёд;10;8500
2026-06-23;Липовый 500 г;Мёд;10;8500
2026-06-24;Липовый 500 г;Мёд;13;11050
2026-06-25;Липовый 500 г;Мёд;7;5950
2026-06-26;Липовый 500 г;Мёд;10;8500
2026-06-27;Липовый 500 г;Мёд;7;5950
2026-06-28;Липовый 500 г;Мёд;11;9350
2026-06-29;Липовый 500 г;Мёд;9;7650
2026-06-30;Липовый 500 г;Мёд;9;7650
2026-07-01;Липовый 500 г;Мёд;8;6800
2026-07-02;Липовый 500 г;Мёд;12;10200
2026-07-03;Липовый 500 г;Мёд;11;9350
2026-07-04;Липовый 500 г;Мёд;8;6800
2026-07-05;Липовый 500 г;Мёд;10;8500
2026-07-06;Липовый 500 г;Мёд;13;11050
2026-07-07;Липовый 500 г;Мёд;8;6800
2026-07-08;Липовый 500 г;Мёд;9;7650
2026-07-09;Липовый 500 г;Мёд;6;5100
2026-07-10;Липовый 500 г;Мёд;9;7650
2026-07-11;Липовый 500 г;Мёд;7;5950
2026-07-12;Липовый 500 г;Мёд;7;5950
2026-07-13;Липовый 500 г;Мёд;8;6800
2026-07-14;Липовый 500 г;Мёд;12;10200
2026-07-15;Липовый 500 г;Мёд;8;6800
2026-07-16;Липовый 500 г;Мёд;7;5950
2026-07-17;Липовый 500 г;Мёд;5;4250
2026-07-18;Липовый 500 г;Мёд;6;5100
2026-07-19;Липовый 500 г;Мёд;11;9350
2026-07-20;Липовый 500 г;Мёд;17;14450
2026-07-21;Липовый 500 г;Мёд;9;7650
2026-07-22;Липовый 500 г;Мёд;11;9350
2026-07-23;Липовый 500 г;Мёд;13;11050
2026-07-24;Липовый 500 г;Мёд;12;10200
2026-07-25;Липовый 500 г;Мёд;10;8500
2026-07-26;Липовый 500 г;Мёд;8;6800
2026-07-27;Липовый 500 г;Мёд;11;9350
2026-07-28;Липовый 500 г;Мёд;10;8500
2026-07-29;Липовый 500 г;Мёд;12;10200
2026-07-30;Липовый 500 г;Мёд;10;8500
2026-07-31;Липовый 500 г;Мёд;8;6800
2026-08-01;Липовый 500 г;Мёд;12;10200
2026-08-02;Липовый 500 г;Мёд;10;8500
2026-08-03;Липовый 500 г;Мёд;11;9350
2026-08-04;Липовый 500 г;Мёд;8;6800
2026-08-05;Липовый 500 г;Мёд;4;3400
2026-08-06;Липовый 500 г;Мёд;9;7650
2026-08-07;Липовый 500 г;Мёд;11;9350
2026-08-08;Липовый 500 г;Мёд;3;2550
2026-08-09;Липовый 500 г;Мёд;6;5100
2026-08-10;Липовый 500 г;Мёд;10;8500
2026-08-11;Липовый 500 г;Мёд;15;12750
2026-08-12;Липовый 500 г;Мёд;11;9350
2026-08-13;Липовый 500 г;Мёд;11;9350
2026-08-14;Липовый 500 г;Мёд;13;11050
2026-08-15;Липовый 500 г;Мёд;13;11050
2026-08-16;Липовый 500 г;Мёд;13;11050
2026-08-17;Липовый 500 г;Мёд;11;9350
2026-08-18;Липовый 500 г;Мёд;13;11050
2026-08-19;Липовый 500 г;Мёд;16;13600
2026-08-20;Липовый 500 г;Мёд;10;8500
2026-08-21;Липовый 500 г;Мёд;14;11900
2026-08-22;Липовый 500 г;Мёд;12;10200
2026-08-23;Липовый 500 г;Мёд;14;11900
2026-08-24;Липовый 500 г;Мёд;11;9350
2026-08-25;Липовый 500 г;Мёд;13;11050
2026-08-26;Липовый 500 г;Мёд;9;7650
2026-08-27;Липовый 500 г;Мёд;12;10200
2026-08-28;Липовый 500 г;Мёд;9;7650
2026-08-29;Липовый 500 г;Мёд;8;6800
2026-08-30;Липовый 500 г;Мёд;13;11050
2026-08-31;Липовый 500 г;Мёд;8;6800
2026-09-01;Липовый 500 г;Мёд;16;13600
2026-09-02;Липовый 500 г;Мёд;9;7650
2026-09-03;Липовый 500 г;Мёд;9;7650
2026-09-04;Липовый 500 г;Мёд;10;8500
2026-09-05;Липовый 500 г;Мёд;10;8500
2026-09-06;Липовый 500 г;Мёд;11;9350
2026-09-07;Липовый 500 г;Мёд;9;7650
2026-09-08;Липовый 500 г;Мёд;15;12750
2026-09-09;Липовый 500 г;Мёд;15;12750
2026-09-10;Липовый 500 г;Мёд;13;11050
2026-09-11;Липовый 500 г;Мёд;6;5100
2026-09-12;Липовый 500 г;Мёд;11;9350
2026-09-13;Липовый 500 г;Мёд;13;11050
2026-09-14;Липовый 500 г;Мёд;10;8500
2026-09-15;Липовый 500 г;Мёд;7;5950
2026-09-16;Липовый 500 г;Мёд;13;11050
2026-09-17;Липовый 500 г;Мёд;8;6800
2026-09-18;Липовый 500 г;Мёд;13;11050
2026-09-19;Липовый 500 г;Мёд;14;11900
2026-09-20;Липовый 500 г;Мёд;13;11050
2026-09-21;Липовый 500 г;Мёд;10;8500
2026-09-22;Липовый 500 г;Мёд;15;12750
2026-09-23;Липовый 500 г;Мёд;8;6800
2026-09-24;Липовый 500 г;Мёд;16;13600
2026-09-25;Липовый 500 г;Мёд;3;2550
2026-09-26;Липовый 500 г;Мёд;11;9350
2026-09-27;Липовый 500 г;Мёд;14;11900
2026-09-28;Липовый 500 г;Мёд;21;17850
2026-09-29;Липовый 500 г;Мёд;15;12750
2026-09-30;Липовый 500 г;Мёд;15;12750
2025-09-01;Гречишный 500 г;Мёд;9;6750
2025-09-02;Гречишный 500 г;Мёд;4;3000
2025-09-03;Гречишный 500 г;Мёд;4;3000
2025-09-04;Гречишный 500 г;Мёд;4;3000
2025-09-05;Гречишный 500 г;Мёд;9;6750
2025-09-06;Гречишный 500 г;Мёд;3;2250
2025-09-07;Гречишный 500 г;Мёд;5;3750
2025-09-08;Гречишный 500 г;Мёд;2;1500
2025-09-09;Гречишный 500 г;Мёд;4;3000
2025-09-10;Гречишный 500 г;Мёд;3;2250
2025-09-11;Гречишный 500 г;Мёд;2;1500
2025-09-12;Гречишный 500 г;Мёд;3;2250
2025-09-13;Гречишный 500 г;Мёд;7;5250
2025-09-14;Гречишный 500 г;Мёд;8;6000
2025-09-15;Гречишный 500 г;Мёд;8;6000
2025-09-16;Гречишный 500 г;Мёд;4;3000
2025-09-17;Гречишный 500 г;Мёд;5;3750
2025-09-18;Гречишный 500 г;Мёд;8;6000
2025-09-19;Гречишный 500 г;Мёд;2;1500
2025-09-20;Гречишный 500 г;Мёд;5;3750
2025-09-21;Гречишный 500 г;Мёд;9;6750
2025-09-22;Гречишный 500 г;Мёд;2;1500
2025-09-23;Гречишный 500 г;Мёд;8;6000
2025-09-24;Гречишный 500 г;Мёд;7;5250
2025-09-25;Гречишный 500 г;Мёд;8;6000
2025-09-26;Гречишный 500 г;Мёд;3;2250
2025-09-27;Гречишный 500 г;Мёд;8;6000
2025-09-28;Гречишный 500 г;Мёд;6;4500
2025-09-29;Гречишный 500 г;Мёд;8;6000
2025-09-30;Гречишный 500 г;Мёд;6;4500
2025-10-01;Гречишный 500 г;Мёд;7;5250
2025-10-02;Гречишный 500 г;Мёд;4;3000
2025-10-03;Гречишный 500 г;Мёд;4;3000
2025-10-04;Гречишный 500 г;Мёд;12;9000
2025-10-05;Гречишный 500 г;Мёд;7;5250
2025-10-06;Гречишный 500 г;Мёд;9;6750
2025-10-07;Гречишный 500 г;Мёд;9;6750
2025-10-08;Гречишный 500 г;Мёд;6;4500
2025-10-09;Гречишный 500 г;Мёд;9;6750
2025-10-10;Гречишный 500 г;Мёд;8;6000
2025-10-11;Гречишный 500 г;Мёд;6;4500
2025-10-12;Гречишный 500 г;Мёд;7;5250
2025-10-13;Гречишный 500 г;Мёд;6;4500
2025-10-14;Гречишный 500 г;Мёд;8;6000
2025-10-15;Гречишный 500 г;Мёд;6;4500
2025-10-16;Гречишный 500 г;Мёд;6;4500
2025-10-17;Гречишный 500 г;Мёд;5;3750
2025-10-18;Гречишный 500 г;Мёд;6;4500
2025-10-19;Гречишный 500 г;Мёд;5;3750
2025-10-20;Гречишный 500 г;Мёд;8;6000
2025-10-21;Гречишный 500 г;Мёд;6;4500
2025-10-22;Гречишный 500 г;Мёд;5;3750
2025-10-23;Гречишный 500 г;Мёд;8;6000
2025-10-24;Гречишный 500 г;Мёд;5;3750
2025-10-25;Гречишный 500 г;Мёд;2;1500
2025-10-26;Гречишный 500 г;Мёд;7;5250
2025-10-27;Гречишный 500 г;Мёд;10;7500
2025-10-28;Гречишный 500 г;Мёд;5;3750
2025-10-29;Гречишный 500 г;Мёд;9;6750
2025-10-30;Гречишный 500 г;Мёд;9;6750
2025-10-31;Гречишный 500 г;Мёд;4;3000
2025-11-01;Гречишный 500 г;Мёд;4;3000
2025-11-02;Гречишный 500 г;Мёд;12;9000
2025-11-03;Гречишный 500 г;Мёд;5;3750
2025-11-04;Гречишный 500 г;Мёд;8;6000
2025-11-05;Гречишный 500 г;Мёд;8;6000
2025-11-06;Гречишный 500 г;Мёд;5;3750
2025-11-07;Гречишный 500 г;Мёд;7;5250
2025-11-08;Гречишный 500 г;Мёд;4;3000
2025-11-09;Гречишный 500 г;Мёд;11;8250
2025-11-10;Гречишный 500 г;Мёд;10;7500
2025-11-11;Гречишный 500 г;Мёд;7;5250
2025-11-12;Гречишный 500 г;Мёд;7;5250
2025-11-13;Гречишный 500 г;Мёд;8;6000
2025-11-14;Гречишный 500 г;Мёд;7;5250
2025-11-15;Гречишный 500 г;Мёд;12;9000
2025-11-16;Гречишный 500 г;Мёд;6;4500
2025-11-17;Гречишный 500 г;Мёд;11;8250
2025-11-18;Гречишный 500 г;Мёд;5;3750
2025-11-19;Гречишный 500 г;Мёд;9;6750
2025-11-20;Гречишный 500 г;Мёд;9;6750
2025-11-21;Гречишный 500 г;Мёд;4;3000
2025-11-22;Гречишный 500 г;Мёд;4;3000
2025-11-23;Гречишный 500 г;Мёд;7;5250
2025-11-24;Гречишный 500 г;Мёд;22;16500
2025-11-25;Гречишный 500 г;Мёд;18;13500
2025-11-26;Гречишный 500 г;Мёд;17;12750
2025-11-27;Гречишный 500 г;Мёд;11;8250
2025-11-28;Гречишный 500 г;Мёд;17;12750
2025-11-29;Гречишный 500 г;Мёд;10;7500
2025-11-30;Гречишный 500 г;Мёд;25;18750
2025-12-01;Гречишный 500 г;Мёд;10;7500
2025-12-02;Гречишный 500 г;Мёд;18;13500
2025-12-03;Гречишный 500 г;Мёд;10;7500
2025-12-04;Гречишный 500 г;Мёд;19;14250
2025-12-05;Гречишный 500 г;Мёд;7;5250
2025-12-06;Гречишный 500 г;Мёд;5;3750
2025-12-07;Гречишный 500 г;Мёд;11;8250
2025-12-08;Гречишный 500 г;Мёд;11;8250
2025-12-09;Гречишный 500 г;Мёд;17;12750
2025-12-10;Гречишный 500 г;Мёд;8;6000
2025-12-11;Гречишный 500 г;Мёд;13;9750
2025-12-12;Гречишный 500 г;Мёд;9;6750
2025-12-13;Гречишный 500 г;Мёд;3;2250
2025-12-14;Гречишный 500 г;Мёд;10;7500
2025-12-15;Гречишный 500 г;Мёд;26;19500
2025-12-16;Гречишный 500 г;Мёд;12;9000
2025-12-17;Гречишный 500 г;Мёд;18;13500
2025-12-18;Гречишный 500 г;Мёд;14;10500
2025-12-19;Гречишный 500 г;Мёд;15;11250
2025-12-20;Гречишный 500 г;Мёд;8;6000
2025-12-21;Гречишный 500 г;Мёд;13;9750
2025-12-22;Гречишный 500 г;Мёд;16;12000
2025-12-23;Гречишный 500 г;Мёд;10;7500
2025-12-24;Гречишный 500 г;Мёд;17;12750
2025-12-25;Гречишный 500 г;Мёд;12;9000
2025-12-26;Гречишный 500 г;Мёд;18;13500
2025-12-27;Гречишный 500 г;Мёд;9;6750
2025-12-28;Гречишный 500 г;Мёд;11;8250
2025-12-29;Гречишный 500 г;Мёд;9;6750
2025-12-30;Гречишный 500 г;Мёд;14;10500
2025-12-31;Гречишный 500 г;Мёд;8;6000
2026-01-01;Гречишный 500 г;Мёд;5;3750
2026-01-02;Гречишный 500 г;Мёд;5;3750
2026-01-03;Гречишный 500 г;Мёд;4;3000
2026-01-04;Гречишный 500 г;Мёд;5;3750
2026-01-05;Гречишный 500 г;Мёд;6;4500
2026-01-06;Гречишный 500 г;Мёд;3;2250
2026-01-07;Гречишный 500 г;Мёд;3;2250
2026-01-08;Гречишный 500 г;Мёд;14;10500
2026-01-09;Гречишный 500 г;Мёд;17;12750
2026-01-10;Гречишный 500 г;Мёд;7;5250
2026-01-11;Гречишный 500 г;Мёд;9;6750
2026-01-12;Гречишный 500 г;Мёд;9;6750
2026-01-13;Гречишный 500 г;Мёд;8;6000
2026-01-14;Гречишный 500 г;Мёд;14;10500
2026-01-15;Гречишный 500 г;Мёд;12;9000
2026-01-16;Гречишный 500 г;Мёд;7;5250
2026-01-17;Гречишный 500 г;Мёд;4;3000
2026-01-18;Гречишный 500 г;Мёд;8;6000
2026-01-19;Гречишный 500 г;Мёд;10;7500
2026-01-20;Гречишный 500 г;Мёд;8;6000
2026-01-21;Гречишный 500 г;Мёд;12;9000
2026-01-22;Гречишный 500 г;Мёд;9;6750
2026-01-23;Гречишный 500 г;Мёд;12;9000
2026-01-24;Гречишный 500 г;Мёд;6;4500
2026-01-25;Гречишный 500 г;Мёд;10;7500
2026-01-26;Гречишный 500 г;Мёд;10;7500
2026-01-27;Гречишный 500 г;Мёд;17;12750
2026-01-28;Гречишный 500 г;Мёд;13;9750
2026-01-29;Гречишный 500 г;Мёд;9;6750
2026-01-30;Гречишный 500 г;Мёд;15;11250
2026-01-31;Гречишный 500 г;Мёд;9;6750
2026-02-01;Гречишный 500 г;Мёд;10;7500
2026-02-02;Гречишный 500 г;Мёд;5;3750
2026-02-03;Гречишный 500 г;Мёд;7;5250
2026-02-04;Гречишный 500 г;Мёд;10;7500
2026-02-05;Гречишный 500 г;Мёд;9;6750
2026-02-06;Гречишный 500 г;Мёд;6;4500
2026-02-07;Гречишный 500 г;Мёд;4;3000
2026-02-08;Гречишный 500 г;Мёд;8;6000
2026-02-09;Гречишный 500 г;Мёд;8;6000
2026-02-10;Гречишный 500 г;Мёд;5;3750
2026-02-11;Гречишный 500 г;Мёд;4;3000
2026-02-12;Гречишный 500 г;Мёд;8;6000
2026-02-13;Гречишный 500 г;Мёд;6;4500
2026-02-14;Гречишный 500 г;Мёд;6;4500
2026-02-15;Гречишный 500 г;Мёд;14;10500
2026-02-16;Гречишный 500 г;Мёд;15;11250
2026-02-17;Гречишный 500 г;Мёд;12;9000
2026-02-18;Гречишный 500 г;Мёд;14;10500
2026-02-19;Гречишный 500 г;Мёд;7;5250
2026-02-20;Гречишный 500 г;Мёд;10;7500
2026-02-21;Гречишный 500 г;Мёд;5;3750
2026-02-22;Гречишный 500 г;Мёд;13;9750
2026-02-23;Гречишный 500 г;Мёд;13;9750
2026-02-24;Гречишный 500 г;Мёд;17;12750
2026-02-25;Гречишный 500 г;Мёд;11;8250
2026-02-26;Гречишный 500 г;Мёд;8;6000
2026-02-27;Гречишный 500 г;Мёд;8;6000
2026-02-28;Гречишный 500 г;Мёд;7;5250
2026-03-01;Гречишный 500 г;Мёд;9;7200
2026-03-02;Гречишный 500 г;Мёд;14;11200
2026-03-03;Гречишный 500 г;Мёд;12;9600
2026-03-04;Гречишный 500 г;Мёд;9;7200
2026-03-05;Гречишный 500 г;Мёд;7;5600
2026-03-06;Гречишный 500 г;Мёд;6;4800
2026-03-07;Гречишный 500 г;Мёд;7;5600
2026-03-08;Гречишный 500 г;Мёд;9;7200
2026-03-09;Гречишный 500 г;Мёд;4;3200
2026-03-10;Гречишный 500 г;Мёд;11;8800
2026-03-11;Гречишный 500 г;Мёд;7;5600
2026-03-12;Гречишный 500 г;Мёд;10;8000
2026-03-13;Гречишный 500 г;Мёд;11;8800
2026-03-14;Гречишный 500 г;Мёд;4;3200
2026-03-15;Гречишный 500 г;Мёд;7;5600
2026-03-16;Гречишный 500 г;Мёд;13;10400
2026-03-17;Гречишный 500 г;Мёд;9;7200
2026-03-18;Гречишный 500 г;Мёд;8;6400
2026-03-19;Гречишный 500 г;Мёд;11;8800
2026-03-20;Гречишный 500 г;Мёд;8;6400
2026-03-21;Гречишный 500 г;Мёд;1;800
2026-03-22;Гречишный 500 г;Мёд;12;9600
2026-03-23;Гречишный 500 г;Мёд;9;7200
2026-03-24;Гречишный 500 г;Мёд;10;8000
2026-03-25;Гречишный 500 г;Мёд;7;5600
2026-03-26;Гречишный 500 г;Мёд;10;8000
2026-03-27;Гречишный 500 г;Мёд;11;8800
2026-03-28;Гречишный 500 г;Мёд;8;6400
2026-03-29;Гречишный 500 г;Мёд;6;4800
2026-03-30;Гречишный 500 г;Мёд;8;6400
2026-03-31;Гречишный 500 г;Мёд;9;7200
2026-04-01;Гречишный 500 г;Мёд;6;4800
2026-04-02;Гречишный 500 г;Мёд;9;7200
2026-04-03;Гречишный 500 г;Мёд;6;4800
2026-04-04;Гречишный 500 г;Мёд;7;5600
2026-04-05;Гречишный 500 г;Мёд;10;8000
2026-04-06;Гречишный 500 г;Мёд;12;9600
2026-04-07;Гречишный 500 г;Мёд;7;5600
2026-04-08;Гречишный 500 г;Мёд;7;5600
2026-04-09;Гречишный 500 г;Мёд;7;5600
2026-04-10;Гречишный 500 г;Мёд;10;8000
2026-04-11;Гречишный 500 г;Мёд;9;7200
2026-04-12;Гречишный 500 г;Мёд;5;4000
2026-04-13;Гречишный 500 г;Мёд;7;5600
2026-04-14;Гречишный 500 г;Мёд;9;7200
2026-04-15;Гречишный 500 г;Мёд;7;5600
2026-04-16;Гречишный 500 г;Мёд;7;5600
2026-04-17;Гречишный 500 г;Мёд;12;9600
2026-04-18;Гречишный 500 г;Мёд;6;4800
2026-04-19;Гречишный 500 г;Мёд;12;9600
2026-04-20;Гречишный 500 г;Мёд;8;6400
2026-04-21;Гречишный 500 г;Мёд;9;7200
2026-04-22;Гречишный 500 г;Мёд;6;4800
2026-04-23;Гречишный 500 г;Мёд;3;2400
2026-04-24;Гречишный 500 г;Мёд;6;4800
2026-04-25;Гречишный 500 г;Мёд;8;6400
2026-04-26;Гречишный 500 г;Мёд;8;6400
2026-04-27;Гречишный 500 г;Мёд;5;4000
2026-04-28;Гречишный 500 г;Мёд;5;4000
2026-04-29;Гречишный 500 г;Мёд;11;8800
2026-04-30;Гречишный 500 г;Мёд;11;8800
2026-05-01;Гречишный 500 г;Мёд;4;3200
2026-05-02;Гречишный 500 г;Мёд;7;5600
2026-05-03;Гречишный 500 г;Мёд;8;6400
2026-05-04;Гречишный 500 г;Мёд;11;8800
2026-05-05;Гречишный 500 г;Мёд;4;3200
2026-05-06;Гречишный 500 г;Мёд;3;2400
2026-05-07;Гречишный 500 г;Мёд;7;5600
2026-05-08;Гречишный 500 г;Мёд;10;8000
2026-05-09;Гречишный 500 г;Мёд;7;5600
2026-05-10;Гречишный 500 г;Мёд;2;1600
2026-05-11;Гречишный 500 г;Мёд;10;8000
2026-05-12;Гречишный 500 г;Мёд;4;3200
2026-05-13;Гречишный 500 г;Мёд;7;5600
2026-05-14;Гречишный 500 г;Мёд;5;4000
2026-05-15;Гречишный 500 г;Мёд;9;7200
2026-05-16;Гречишный 500 г;Мёд;8;6400
2026-05-17;Гречишный 500 г;Мёд;9;7200
2026-05-18;Гречишный 500 г;Мёд;3;2400
2026-05-19;Гречишный 500 г;Мёд;7;5600
2026-05-20;Гречишный 500 г;Мёд;6;4800
2026-05-21;Гречишный 500 г;Мёд;4;3200
2026-05-22;Гречишный 500 г;Мёд;7;5600
2026-05-23;Гречишный 500 г;Мёд;6;4800
2026-05-24;Гречишный 500 г;Мёд;6;4800
2026-05-25;Гречишный 500 г;Мёд;10;8000
2026-05-26;Гречишный 500 г;Мёд;9;7200
2026-05-27;Гречишный 500 г;Мёд;7;5600
2026-05-28;Гречишный 500 г;Мёд;9;7200
2026-05-29;Гречишный 500 г;Мёд;6;4800
2026-05-30;Гречишный 500 г;Мёд;8;6400
2026-05-31;Гречишный 500 г;Мёд;6;4800
2026-06-01;Гречишный 500 г;Мёд;12;9600
2026-06-02;Гречишный 500 г;Мёд;6;4800
2026-06-03;Гречишный 500 г;Мёд;2;1600
2026-06-04;Гречишный 500 г;Мёд;4;3200
2026-06-05;Гречишный 500 г;Мёд;5;4000
2026-06-06;Гречишный 500 г;Мёд;6;4800
2026-06-07;Гречишный 500 г;Мёд;5;4000
2026-06-08;Гречишный 500 г;Мёд;5;4000
2026-06-09;Гречишный 500 г;Мёд;7;5600
2026-06-10;Гречишный 500 г;Мёд;6;4800
2026-06-11;Гречишный 500 г;Мёд;5;4000
2026-06-12;Гречишный 500 г;Мёд;11;8800
2026-06-13;Гречишный 500 г;Мёд;1;800
2026-06-14;Гречишный 500 г;Мёд;6;4800
2026-06-15;Гречишный 500 г;Мёд;6;4800
2026-06-16;Гречишный 500 г;Мёд;8;6400
2026-06-17;Гречишный 500 г;Мёд;6;4800
2026-06-18;Гречишный 500 г;Мёд;5;4000
2026-06-19;Гречишный 500 г;Мёд;5;4000
2026-06-20;Гречишный 500 г;Мёд;5;4000
2026-06-21;Гречишный 500 г;Мёд;4;3200
2026-06-22;Гречишный 500 г;Мёд;11;8800
2026-06-23;Гречишный 500 г;Мёд;6;4800
2026-06-24;Гречишный 500 г;Мёд;7;5600
2026-06-25;Гречишный 500 г;Мёд;7;5600
2026-06-26;Гречишный 500 г;Мёд;6;4800
2026-06-27;Гречишный 500 г;Мёд;5;4000
2026-06-28;Гречишный 500 г;Мёд;5;4000
2026-06-29;Гречишный 500 г;Мёд;11;8800
2026-06-30;Гречишный 500 г;Мёд;4;3200
2026-07-01;Гречишный 500 г;Мёд;1;800
2026-07-02;Гречишный 500 г;Мёд;7;5600
2026-07-03;Гречишный 500 г;Мёд;7;5600
2026-07-04;Гречишный 500 г;Мёд;2;1600
2026-07-05;Гречишный 500 г;Мёд;1;800
2026-07-06;Гречишный 500 г;Мёд;4;3200
2026-07-07;Гречишный 500 г;Мёд;3;2400
2026-07-08;Гречишный 500 г;Мёд;10;8000
2026-07-09;Гречишный 500 г;Мёд;4;3200
2026-07-10;Гречишный 500 г;Мёд;2;1600
2026-07-11;Гречишный 500 г;Мёд;2;1600
2026-07-12;Гречишный 500 г;Мёд;6;4800
2026-07-13;Гречишный 500 г;Мёд;3;2400
2026-07-14;Гречишный 500 г;Мёд;3;2400
2026-07-15;Гречишный 500 г;Мёд;3;2400
2026-07-16;Гречишный 500 г;Мёд;7;5600
2026-07-17;Гречишный 500 г;Мёд;4;3200
2026-07-18;Гречишный 500 г;Мёд;5;4000
2026-07-19;Гречишный 500 г;Мёд;4;3200
2026-07-20;Гречишный 500 г;Мёд;10;8000
2026-07-21;Гречишный 500 г;Мёд;8;6400
2026-07-22;Гречишный 500 г;Мёд;11;8800
2026-07-23;Гречишный 500 г;Мёд;4;3200
2026-07-24;Гречишный 500 г;Мёд;9;7200
2026-07-25;Гречишный 500 г;Мёд;5;4000
2026-07-26;Гречишный 500 г;Мёд;6;4800
2026-07-27;Гречишный 500 г;Мёд;6;4800
2026-07-28;Гречишный 500 г;Мёд;4;3200
2026-07-29;Гречишный 500 г;Мёд;5;4000
2026-07-30;Гречишный 500 г;Мёд;8;6400
2026-07-31;Гречишный 500 г;Мёд;4;3200
2026-08-01;Гречишный 500 г;Мёд;5;4000
2026-08-02;Гречишный 500 г;Мёд;11;8800
2026-08-03;Гречишный 500 г;Мёд;10;8000
2026-08-04;Гречишный 500 г;Мёд;8;6400
2026-08-05;Гречишный 500 г;Мёд;5;4000
2026-08-06;Гречишный 500 г;Мёд;8;6400
2026-08-07;Гречишный 500 г;Мёд;4;3200
2026-08-08;Гречишный 500 г;Мёд;5;4000
2026-08-09;Гречишный 500 г;Мёд;7;5600
2026-08-10;Гречишный 500 г;Мёд;4;3200
2026-08-11;Гречишный 500 г;Мёд;4;3200
2026-08-12;Гречишный 500 г;Мёд;9;7200
2026-08-13;Гречишный 500 г;Мёд;6;4800
2026-08-14;Гречишный 500 г;Мёд;7;5600
2026-08-15;Гречишный 500 г;Мёд;6;4800
2026-08-16;Гречишный 500 г;Мёд;3;2400
2026-08-17;Гречишный 500 г;Мёд;5;4000
2026-08-18;Гречишный 500 г;Мёд;5;4000
2026-08-19;Гречишный 500 г;Мёд;6;4800
2026-08-21;Гречишный 500 г;Мёд;8;6400
2026-08-22;Гречишный 500 г;Мёд;6;4800
2026-08-23;Гречишный 500 г;Мёд;2;1600
2026-08-24;Гречишный 500 г;Мёд;8;6400
2026-08-25;Гречишный 500 г;Мёд;4;3200
2026-08-26;Гречишный 500 г;Мёд;5;4000
2026-08-27;Гречишный 500 г;Мёд;6;4800
2026-08-28;Гречишный 500 г;Мёд;10;8000
2026-08-30;Гречишный 500 г;Мёд;11;8800
2026-08-31;Гречишный 500 г;Мёд;7;5600
2026-09-01;Гречишный 500 г;Мёд;7;5600
2026-09-02;Гречишный 500 г;Мёд;3;2400
2026-09-03;Гречишный 500 г;Мёд;10;8000
2026-09-04;Гречишный 500 г;Мёд;10;8000
2026-09-05;Гречишный 500 г;Мёд;7;5600
2026-09-06;Гречишный 500 г;Мёд;8;6400
2026-09-07;Гречишный 500 г;Мёд;8;6400
2026-09-08;Гречишный 500 г;Мёд;4;3200
2026-09-09;Гречишный 500 г;Мёд;6;4800
2026-09-10;Гречишный 500 г;Мёд;4;3200
2026-09-11;Гречишный 500 г;Мёд;7;5600
2026-09-12;Гречишный 500 г;Мёд;4;3200
2026-09-13;Гречишный 500 г;Мёд;8;6400
2026-09-14;Гречишный 500 г;Мёд;5;4000
2026-09-15;Гречишный 500 г;Мёд;12;9600
2026-09-16;Гречишный 500 г;Мёд;7;5600
2026-09-17;Гречишный 500 г;Мёд;5;4000
2026-09-18;Гречишный 500 г;Мёд;7;5600
2026-09-19;Гречишный 500 г;Мёд;5;4000
2026-09-20;Гречишный 500 г;Мёд;9;7200
2026-09-21;Гречишный 500 г;Мёд;6;4800
2026-09-22;Гречишный 500 г;Мёд;14;11200
2026-09-23;Гречишный 500 г;Мёд;12;9600
2026-09-24;Гречишный 500 г;Мёд;7;5600
2026-09-25;Гречишный 500 г;Мёд;6;4800
2026-09-26;Гречишный 500 г;Мёд;8;6400
2026-09-27;Гречишный 500 г;Мёд;9;7200
2026-09-28;Гречишный 500 г;Мёд;14;11200
2026-09-29;Гречишный 500 г;Мёд;11;8800
2026-09-30;Гречишный 500 г;Мёд;11;8800
2025-09-01;Подарочный набор 3×250 г;Подарки;3;4470
2025-09-02;Подарочный набор 3×250 г;Подарки;4;5960
2025-09-03;Подарочный набор 3×250 г;Подарки;2;2980
2025-09-04;Подарочный набор 3×250 г;Подарки;3;4470
2025-09-05;Подарочный набор 3×250 г;Подарки;2;2980
2025-09-06;Подарочный набор 3×250 г;Подарки;4;5960
2025-09-07;Подарочный набор 3×250 г;Подарки;4;5960
2025-09-08;Подарочный набор 3×250 г;Подарки;1;1490
2025-09-09;Подарочный набор 3×250 г;Подарки;5;7450
2025-09-11;Подарочный набор 3×250 г;Подарки;6;8940
2025-09-12;Подарочный набор 3×250 г;Подарки;2;2980
2025-09-13;Подарочный набор 3×250 г;Подарки;1;1490
2025-09-14;Подарочный набор 3×250 г;Подарки;3;4470
2025-09-15;Подарочный набор 3×250 г;Подарки;3;4470
2025-09-16;Подарочный набор 3×250 г;Подарки;3;4470
2025-09-17;Подарочный набор 3×250 г;Подарки;3;4470
2025-09-18;Подарочный набор 3×250 г;Подарки;4;5960
2025-09-19;Подарочный набор 3×250 г;Подарки;4;5960
2025-09-20;Подарочный набор 3×250 г;Подарки;1;1490
2025-09-21;Подарочный набор 3×250 г;Подарки;5;7450
2025-09-22;Подарочный набор 3×250 г;Подарки;3;4470
2025-09-23;Подарочный набор 3×250 г;Подарки;4;5960
2025-09-24;Подарочный набор 3×250 г;Подарки;4;5960
2025-09-25;Подарочный набор 3×250 г;Подарки;3;4470
2025-09-26;Подарочный набор 3×250 г;Подарки;3;4470
2025-09-27;Подарочный набор 3×250 г;Подарки;3;4470
2025-09-28;Подарочный набор 3×250 г;Подарки;3;4470
2025-09-29;Подарочный набор 3×250 г;Подарки;6;8940
2025-09-30;Подарочный набор 3×250 г;Подарки;1;1490
2025-10-01;Подарочный набор 3×250 г;Подарки;5;7450
2025-10-02;Подарочный набор 3×250 г;Подарки;1;1490
2025-10-03;Подарочный набор 3×250 г;Подарки;2;2980
2025-10-04;Подарочный набор 3×250 г;Подарки;2;2980
2025-10-05;Подарочный набор 3×250 г;Подарки;3;4470
2025-10-06;Подарочный набор 3×250 г;Подарки;5;7450
2025-10-07;Подарочный набор 3×250 г;Подарки;4;5960
2025-10-08;Подарочный набор 3×250 г;Подарки;4;5960
2025-10-09;Подарочный набор 3×250 г;Подарки;5;7450
2025-10-10;Подарочный набор 3×250 г;Подарки;3;4470
2025-10-11;Подарочный набор 3×250 г;Подарки;9;13410
2025-10-12;Подарочный набор 3×250 г;Подарки;2;2980
2025-10-13;Подарочный набор 3×250 г;Подарки;6;8940
2025-10-14;Подарочный набор 3×250 г;Подарки;1;1490
2025-10-15;Подарочный набор 3×250 г;Подарки;2;2980
2025-10-16;Подарочный набор 3×250 г;Подарки;6;8940
2025-10-17;Подарочный набор 3×250 г;Подарки;4;5960
2025-10-18;Подарочный набор 3×250 г;Подарки;3;4470
2025-10-19;Подарочный набор 3×250 г;Подарки;1;1490
2025-10-20;Подарочный набор 3×250 г;Подарки;7;10430
2025-10-21;Подарочный набор 3×250 г;Подарки;5;7450
2025-10-22;Подарочный набор 3×250 г;Подарки;5;7450
2025-10-23;Подарочный набор 3×250 г;Подарки;1;1490
2025-10-24;Подарочный набор 3×250 г;Подарки;5;7450
2025-10-25;Подарочный набор 3×250 г;Подарки;2;2980
2025-10-26;Подарочный набор 3×250 г;Подарки;4;5960
2025-10-27;Подарочный набор 3×250 г;Подарки;2;2980
2025-10-28;Подарочный набор 3×250 г;Подарки;5;7450
2025-10-29;Подарочный набор 3×250 г;Подарки;2;2980
2025-10-30;Подарочный набор 3×250 г;Подарки;2;2980
2025-10-31;Подарочный набор 3×250 г;Подарки;5;7450
2025-11-01;Подарочный набор 3×250 г;Подарки;4;5960
2025-11-02;Подарочный набор 3×250 г;Подарки;3;4470
2025-11-03;Подарочный набор 3×250 г;Подарки;7;10430
2025-11-04;Подарочный набор 3×250 г;Подарки;3;4470
2025-11-05;Подарочный набор 3×250 г;Подарки;5;7450
2025-11-06;Подарочный набор 3×250 г;Подарки;1;1490
2025-11-07;Подарочный набор 3×250 г;Подарки;3;4470
2025-11-08;Подарочный набор 3×250 г;Подарки;2;2980
2025-11-10;Подарочный набор 3×250 г;Подарки;5;7450
2025-11-11;Подарочный набор 3×250 г;Подарки;4;5960
2025-11-12;Подарочный набор 3×250 г;Подарки;3;4470
2025-11-13;Подарочный набор 3×250 г;Подарки;9;13410
2025-11-14;Подарочный набор 3×250 г;Подарки;3;4470
2025-11-15;Подарочный набор 3×250 г;Подарки;1;1490
2025-11-16;Подарочный набор 3×250 г;Подарки;9;13410
2025-11-17;Подарочный набор 3×250 г;Подарки;9;13410
2025-11-18;Подарочный набор 3×250 г;Подарки;4;5960
2025-11-19;Подарочный набор 3×250 г;Подарки;7;10430
2025-11-20;Подарочный набор 3×250 г;Подарки;2;2980
2025-11-21;Подарочный набор 3×250 г;Подарки;6;8940
2025-11-22;Подарочный набор 3×250 г;Подарки;2;2980
2025-11-23;Подарочный набор 3×250 г;Подарки;3;4470
2025-11-24;Подарочный набор 3×250 г;Подарки;7;10430
2025-11-25;Подарочный набор 3×250 г;Подарки;7;10430
2025-11-26;Подарочный набор 3×250 г;Подарки;8;11920
2025-11-27;Подарочный набор 3×250 г;Подарки;7;10430
2025-11-28;Подарочный набор 3×250 г;Подарки;3;4470
2025-11-29;Подарочный набор 3×250 г;Подарки;11;16390
2025-11-30;Подарочный набор 3×250 г;Подарки;6;8940
2025-12-01;Подарочный набор 3×250 г;Подарки;3;4470
2025-12-02;Подарочный набор 3×250 г;Подарки;2;2980
2025-12-03;Подарочный набор 3×250 г;Подарки;2;2980
2025-12-04;Подарочный набор 3×250 г;Подарки;4;5960
2025-12-05;Подарочный набор 3×250 г;Подарки;3;4470
2025-12-06;Подарочный набор 3×250 г;Подарки;10;14900
2025-12-07;Подарочный набор 3×250 г;Подарки;8;11920
2025-12-08;Подарочный набор 3×250 г;Подарки;6;8940
2025-12-09;Подарочный набор 3×250 г;Подарки;9;13410
2025-12-10;Подарочный набор 3×250 г;Подарки;24;35760
2025-12-11;Подарочный набор 3×250 г;Подарки;18;26820
2025-12-12;Подарочный набор 3×250 г;Подарки;26;38740
2025-12-13;Подарочный набор 3×250 г;Подарки;18;26820
2025-12-14;Подарочный набор 3×250 г;Подарки;40;59600
2025-12-15;Подарочный набор 3×250 г;Подарки;30;44700
2025-12-16;Подарочный набор 3×250 г;Подарки;26;38740
2025-12-17;Подарочный набор 3×250 г;Подарки;24;35760
2025-12-18;Подарочный набор 3×250 г;Подарки;25;37250
2025-12-19;Подарочный набор 3×250 г;Подарки;29;43210
2025-12-20;Подарочный набор 3×250 г;Подарки;25;37250
2025-12-21;Подарочный набор 3×250 г;Подарки;36;53640
2025-12-22;Подарочный набор 3×250 г;Подарки;30;44700
2025-12-23;Подарочный набор 3×250 г;Подарки;28;41720
2025-12-24;Подарочный набор 3×250 г;Подарки;37;55130
2025-12-25;Подарочный набор 3×250 г;Подарки;26;38740
2025-12-26;Подарочный набор 3×250 г;Подарки;28;41720
2025-12-27;Подарочный набор 3×250 г;Подарки;21;31290
2025-12-28;Подарочный набор 3×250 г;Подарки;23;34270
2025-12-29;Подарочный набор 3×250 г;Подарки;34;50660
2025-12-30;Подарочный набор 3×250 г;Подарки;32;47680
2025-12-31;Подарочный набор 3×250 г;Подарки;6;8940
2026-01-01;Подарочный набор 3×250 г;Подарки;5;7450
2026-01-02;Подарочный набор 3×250 г;Подарки;4;5960
2026-01-03;Подарочный набор 3×250 г;Подарки;4;5960
2026-01-04;Подарочный набор 3×250 г;Подарки;4;5960
2026-01-05;Подарочный набор 3×250 г;Подарки;7;10430
2026-01-06;Подарочный набор 3×250 г;Подарки;6;8940
2026-01-07;Подарочный набор 3×250 г;Подарки;7;10430
2026-01-08;Подарочный набор 3×250 г;Подарки;3;4470
2026-01-09;Подарочный набор 3×250 г;Подарки;5;7450
2026-01-10;Подарочный набор 3×250 г;Подарки;8;11920
2026-01-11;Подарочный набор 3×250 г;Подарки;6;8940
2026-01-12;Подарочный набор 3×250 г;Подарки;9;13410
2026-01-13;Подарочный набор 3×250 г;Подарки;11;16390
2026-01-14;Подарочный набор 3×250 г;Подарки;3;4470
2026-01-15;Подарочный набор 3×250 г;Подарки;8;11920
2026-01-16;Подарочный набор 3×250 г;Подарки;3;4470
2026-01-17;Подарочный набор 3×250 г;Подарки;4;5960
2026-01-18;Подарочный набор 3×250 г;Подарки;9;13410
2026-01-19;Подарочный набор 3×250 г;Подарки;5;7450
2026-01-20;Подарочный набор 3×250 г;Подарки;6;8940
2026-01-21;Подарочный набор 3×250 г;Подарки;4;5960
2026-01-22;Подарочный набор 3×250 г;Подарки;3;4470
2026-01-23;Подарочный набор 3×250 г;Подарки;5;7450
2026-01-24;Подарочный набор 3×250 г;Подарки;3;4470
2026-01-25;Подарочный набор 3×250 г;Подарки;8;11920
2026-01-26;Подарочный набор 3×250 г;Подарки;6;8940
2026-01-27;Подарочный набор 3×250 г;Подарки;5;7450
2026-01-28;Подарочный набор 3×250 г;Подарки;6;8940
2026-01-29;Подарочный набор 3×250 г;Подарки;10;14900
2026-01-30;Подарочный набор 3×250 г;Подарки;8;11920
2026-01-31;Подарочный набор 3×250 г;Подарки;8;11920
2026-02-01;Подарочный набор 3×250 г;Подарки;3;4470
2026-02-02;Подарочный набор 3×250 г;Подарки;2;2980
2026-02-03;Подарочный набор 3×250 г;Подарки;4;5960
2026-02-04;Подарочный набор 3×250 г;Подарки;1;1490
2026-02-05;Подарочный набор 3×250 г;Подарки;5;7450
2026-02-06;Подарочный набор 3×250 г;Подарки;5;7450
2026-02-08;Подарочный набор 3×250 г;Подарки;9;13410
2026-02-09;Подарочный набор 3×250 г;Подарки;17;25330
2026-02-10;Подарочный набор 3×250 г;Подарки;11;16390
2026-02-11;Подарочный набор 3×250 г;Подарки;11;16390
2026-02-12;Подарочный набор 3×250 г;Подарки;6;8940
2026-02-13;Подарочный набор 3×250 г;Подарки;15;22350
2026-02-14;Подарочный набор 3×250 г;Подарки;6;8940
2026-02-15;Подарочный набор 3×250 г;Подарки;5;7450
2026-02-16;Подарочный набор 3×250 г;Подарки;7;10430
2026-02-17;Подарочный набор 3×250 г;Подарки;6;8940
2026-02-18;Подарочный набор 3×250 г;Подарки;5;7450
2026-02-19;Подарочный набор 3×250 г;Подарки;6;8940
2026-02-20;Подарочный набор 3×250 г;Подарки;4;5960
2026-02-21;Подарочный набор 3×250 г;Подарки;6;8940
2026-02-22;Подарочный набор 3×250 г;Подарки;6;8940
2026-02-23;Подарочный набор 3×250 г;Подарки;3;4470
2026-02-24;Подарочный набор 3×250 г;Подарки;8;11920
2026-02-25;Подарочный набор 3×250 г;Подарки;5;7450
2026-02-26;Подарочный набор 3×250 г;Подарки;1;1490
2026-02-27;Подарочный набор 3×250 г;Подарки;5;7450
2026-02-28;Подарочный набор 3×250 г;Подарки;4;5960
2026-03-01;Подарочный набор 3×250 г;Подарки;15;23850
2026-03-02;Подарочный набор 3×250 г;Подарки;25;39750
2026-03-03;Подарочный набор 3×250 г;Подарки;14;22260
2026-03-04;Подарочный набор 3×250 г;Подарки;20;31800
2026-03-05;Подарочный набор 3×250 г;Подарки;19;30210
2026-03-06;Подарочный набор 3×250 г;Подарки;13;20670
2026-03-07;Подарочный набор 3×250 г;Подарки;13;20670
2026-03-08;Подарочный набор 3×250 г;Подарки;7;11130
2026-03-09;Подарочный набор 3×250 г;Подарки;10;15900
2026-03-10;Подарочный набор 3×250 г;Подарки;5;7950
2026-03-11;Подарочный набор 3×250 г;Подарки;9;14310
2026-03-12;Подарочный набор 3×250 г;Подарки;3;4770
2026-03-13;Подарочный набор 3×250 г;Подарки;3;4770
2026-03-14;Подарочный набор 3×250 г;Подарки;4;6360
2026-03-15;Подарочный набор 3×250 г;Подарки;2;3180
2026-03-16;Подарочный набор 3×250 г;Подарки;8;12720
2026-03-17;Подарочный набор 3×250 г;Подарки;8;12720
2026-03-18;Подарочный набор 3×250 г;Подарки;3;4770
2026-03-19;Подарочный набор 3×250 г;Подарки;6;9540
2026-03-20;Подарочный набор 3×250 г;Подарки;3;4770
2026-03-21;Подарочный набор 3×250 г;Подарки;3;4770
2026-03-22;Подарочный набор 3×250 г;Подарки;3;4770
2026-03-23;Подарочный набор 3×250 г;Подарки;7;11130
2026-03-24;Подарочный набор 3×250 г;Подарки;3;4770
2026-03-25;Подарочный набор 3×250 г;Подарки;6;9540
2026-03-26;Подарочный набор 3×250 г;Подарки;5;7950
2026-03-27;Подарочный набор 3×250 г;Подарки;2;3180
2026-03-28;Подарочный набор 3×250 г;Подарки;1;1590
2026-03-29;Подарочный набор 3×250 г;Подарки;9;14310
2026-03-30;Подарочный набор 3×250 г;Подарки;10;15900
2026-03-31;Подарочный набор 3×250 г;Подарки;6;9540
2026-04-01;Подарочный набор 3×250 г;Подарки;6;9540
2026-04-02;Подарочный набор 3×250 г;Подарки;6;9540
2026-04-03;Подарочный набор 3×250 г;Подарки;10;15900
2026-04-04;Подарочный набор 3×250 г;Подарки;5;7950
2026-04-05;Подарочный набор 3×250 г;Подарки;5;7950
2026-04-06;Подарочный набор 3×250 г;Подарки;4;6360
2026-04-07;Подарочный набор 3×250 г;Подарки;7;11130
2026-04-08;Подарочный набор 3×250 г;Подарки;8;12720
2026-04-09;Подарочный набор 3×250 г;Подарки;3;4770
2026-04-10;Подарочный набор 3×250 г;Подарки;1;1590
2026-04-11;Подарочный набор 3×250 г;Подарки;8;12720
2026-04-12;Подарочный набор 3×250 г;Подарки;7;11130
2026-04-14;Подарочный набор 3×250 г;Подарки;3;4770
2026-04-15;Подарочный набор 3×250 г;Подарки;4;6360
2026-04-16;Подарочный набор 3×250 г;Подарки;4;6360
2026-04-17;Подарочный набор 3×250 г;Подарки;4;6360
2026-04-18;Подарочный набор 3×250 г;Подарки;2;3180
2026-04-19;Подарочный набор 3×250 г;Подарки;2;3180
2026-04-20;Подарочный набор 3×250 г;Подарки;6;9540
2026-04-21;Подарочный набор 3×250 г;Подарки;2;3180
2026-04-22;Подарочный набор 3×250 г;Подарки;7;11130
2026-04-23;Подарочный набор 3×250 г;Подарки;3;4770
2026-04-24;Подарочный набор 3×250 г;Подарки;4;6360
2026-04-26;Подарочный набор 3×250 г;Подарки;2;3180
2026-04-27;Подарочный набор 3×250 г;Подарки;8;12720
2026-04-28;Подарочный набор 3×250 г;Подарки;4;6360
2026-04-29;Подарочный набор 3×250 г;Подарки;8;12720
2026-04-30;Подарочный набор 3×250 г;Подарки;4;6360
2026-05-01;Подарочный набор 3×250 г;Подарки;5;7950
2026-05-03;Подарочный набор 3×250 г;Подарки;3;4770
2026-05-04;Подарочный набор 3×250 г;Подарки;2;3180
2026-05-05;Подарочный набор 3×250 г;Подарки;5;7950
2026-05-06;Подарочный набор 3×250 г;Подарки;6;9540
2026-05-07;Подарочный набор 3×250 г;Подарки;1;1590
2026-05-08;Подарочный набор 3×250 г;Подарки;7;11130
2026-05-09;Подарочный набор 3×250 г;Подарки;3;4770
2026-05-10;Подарочный набор 3×250 г;Подарки;3;4770
2026-05-11;Подарочный набор 3×250 г;Подарки;5;7950
2026-05-12;Подарочный набор 3×250 г;Подарки;10;15900
2026-05-13;Подарочный набор 3×250 г;Подарки;5;7950
2026-05-14;Подарочный набор 3×250 г;Подарки;6;9540
2026-05-15;Подарочный набор 3×250 г;Подарки;1;1590
2026-05-16;Подарочный набор 3×250 г;Подарки;5;7950
2026-05-17;Подарочный набор 3×250 г;Подарки;4;6360
2026-05-18;Подарочный набор 3×250 г;Подарки;3;4770
2026-05-19;Подарочный набор 3×250 г;Подарки;3;4770
2026-05-20;Подарочный набор 3×250 г;Подарки;5;7950
2026-05-21;Подарочный набор 3×250 г;Подарки;5;7950
2026-05-22;Подарочный набор 3×250 г;Подарки;1;1590
2026-05-23;Подарочный набор 3×250 г;Подарки;4;6360
2026-05-24;Подарочный набор 3×250 г;Подарки;5;7950
2026-05-25;Подарочный набор 3×250 г;Подарки;4;6360
2026-05-26;Подарочный набор 3×250 г;Подарки;2;3180
2026-05-27;Подарочный набор 3×250 г;Подарки;3;4770
2026-05-28;Подарочный набор 3×250 г;Подарки;1;1590
2026-05-29;Подарочный набор 3×250 г;Подарки;3;4770
2026-05-30;Подарочный набор 3×250 г;Подарки;3;4770
2026-05-31;Подарочный набор 3×250 г;Подарки;5;7950
2026-06-01;Подарочный набор 3×250 г;Подарки;8;12720
2026-06-02;Подарочный набор 3×250 г;Подарки;4;6360
2026-06-03;Подарочный набор 3×250 г;Подарки;3;4770
2026-06-04;Подарочный набор 3×250 г;Подарки;3;4770
2026-06-05;Подарочный набор 3×250 г;Подарки;1;1590
2026-06-06;Подарочный набор 3×250 г;Подарки;6;9540
2026-06-07;Подарочный набор 3×250 г;Подарки;5;7950
2026-06-08;Подарочный набор 3×250 г;Подарки;3;4770
2026-06-09;Подарочный набор 3×250 г;Подарки;4;6360
2026-06-10;Подарочный набор 3×250 г;Подарки;3;4770
2026-06-11;Подарочный набор 3×250 г;Подарки;5;7950
2026-06-12;Подарочный набор 3×250 г;Подарки;7;11130
2026-06-13;Подарочный набор 3×250 г;Подарки;2;3180
2026-06-14;Подарочный набор 3×250 г;Подарки;3;4770
2026-06-15;Подарочный набор 3×250 г;Подарки;5;7950
2026-06-16;Подарочный набор 3×250 г;Подарки;1;1590
2026-06-17;Подарочный набор 3×250 г;Подарки;1;1590
2026-06-18;Подарочный набор 3×250 г;Подарки;5;7950
2026-06-19;Подарочный набор 3×250 г;Подарки;3;4770
2026-06-20;Подарочный набор 3×250 г;Подарки;5;7950
2026-06-21;Подарочный набор 3×250 г;Подарки;4;6360
2026-06-22;Подарочный набор 3×250 г;Подарки;4;6360
2026-06-23;Подарочный набор 3×250 г;Подарки;1;1590
2026-06-24;Подарочный набор 3×250 г;Подарки;4;6360
2026-06-25;Подарочный набор 3×250 г;Подарки;2;3180
2026-06-26;Подарочный набор 3×250 г;Подарки;5;7950
2026-06-27;Подарочный набор 3×250 г;Подарки;1;1590
2026-06-28;Подарочный набор 3×250 г;Подарки;8;12720
2026-06-29;Подарочный набор 3×250 г;Подарки;3;4770
2026-06-30;Подарочный набор 3×250 г;Подарки;3;4770
2026-07-02;Подарочный набор 3×250 г;Подарки;2;3180
2026-07-04;Подарочный набор 3×250 г;Подарки;1;1590
2026-07-06;Подарочный набор 3×250 г;Подарки;4;6360
2026-07-07;Подарочный набор 3×250 г;Подарки;4;6360
2026-07-08;Подарочный набор 3×250 г;Подарки;2;3180
2026-07-10;Подарочный набор 3×250 г;Подарки;3;4770
2026-07-11;Подарочный набор 3×250 г;Подарки;2;3180
2026-07-12;Подарочный набор 3×250 г;Подарки;3;4770
2026-07-13;Подарочный набор 3×250 г;Подарки;2;3180
2026-07-15;Подарочный набор 3×250 г;Подарки;1;1590
2026-07-16;Подарочный набор 3×250 г;Подарки;2;3180
2026-07-17;Подарочный набор 3×250 г;Подарки;2;3180
2026-07-18;Подарочный набор 3×250 г;Подарки;4;6360
2026-07-20;Подарочный набор 3×250 г;Подарки;1;1590
2026-07-21;Подарочный набор 3×250 г;Подарки;1;1590
2026-07-22;Подарочный набор 3×250 г;Подарки;4;6360
2026-07-24;Подарочный набор 3×250 г;Подарки;3;4770
2026-07-25;Подарочный набор 3×250 г;Подарки;1;1590
2026-07-26;Подарочный набор 3×250 г;Подарки;2;3180
2026-07-27;Подарочный набор 3×250 г;Подарки;4;6360
2026-07-28;Подарочный набор 3×250 г;Подарки;3;4770
2026-07-29;Подарочный набор 3×250 г;Подарки;2;3180
2026-07-30;Подарочный набор 3×250 г;Подарки;1;1590
2026-07-31;Подарочный набор 3×250 г;Подарки;2;3180
2026-08-01;Подарочный набор 3×250 г;Подарки;2;3180
2026-08-02;Подарочный набор 3×250 г;Подарки;2;3180
2026-08-03;Подарочный набор 3×250 г;Подарки;3;4770
2026-08-04;Подарочный набор 3×250 г;Подарки;4;6360
2026-08-05;Подарочный набор 3×250 г;Подарки;1;1590
2026-08-06;Подарочный набор 3×250 г;Подарки;1;1590
2026-08-07;Подарочный набор 3×250 г;Подарки;3;4770
2026-08-08;Подарочный набор 3×250 г;Подарки;3;4770
2026-08-09;Подарочный набор 3×250 г;Подарки;1;1590
2026-08-10;Подарочный набор 3×250 г;Подарки;2;3180
2026-08-11;Подарочный набор 3×250 г;Подарки;5;7950
2026-08-12;Подарочный набор 3×250 г;Подарки;3;4770
2026-08-13;Подарочный набор 3×250 г;Подарки;5;7950
2026-08-16;Подарочный набор 3×250 г;Подарки;2;3180
2026-08-17;Подарочный набор 3×250 г;Подарки;1;1590
2026-08-18;Подарочный набор 3×250 г;Подарки;3;4770
2026-08-21;Подарочный набор 3×250 г;Подарки;1;1590
2026-08-22;Подарочный набор 3×250 г;Подарки;3;4770
2026-08-23;Подарочный набор 3×250 г;Подарки;1;1590
2026-08-24;Подарочный набор 3×250 г;Подарки;5;7950
2026-08-25;Подарочный набор 3×250 г;Подарки;1;1590
2026-08-26;Подарочный набор 3×250 г;Подарки;1;1590
2026-08-27;Подарочный набор 3×250 г;Подарки;3;4770
2026-08-28;Подарочный набор 3×250 г;Подарки;3;4770
2026-08-29;Подарочный набор 3×250 г;Подарки;4;6360
2026-08-30;Подарочный набор 3×250 г;Подарки;3;4770
2026-08-31;Подарочный набор 3×250 г;Подарки;5;7950
2026-09-01;Подарочный набор 3×250 г;Подарки;1;1590
2026-09-02;Подарочный набор 3×250 г;Подарки;3;4770
2026-09-03;Подарочный набор 3×250 г;Подарки;3;4770
2026-09-04;Подарочный набор 3×250 г;Подарки;5;7950
2026-09-05;Подарочный набор 3×250 г;Подарки;7;11130
2026-09-06;Подарочный набор 3×250 г;Подарки;10;15900
2026-09-07;Подарочный набор 3×250 г;Подарки;8;12720
2026-09-08;Подарочный набор 3×250 г;Подарки;5;7950
2026-09-09;Подарочный набор 3×250 г;Подарки;2;3180
2026-09-10;Подарочный набор 3×250 г;Подарки;4;6360
2026-09-11;Подарочный набор 3×250 г;Подарки;4;6360
2026-09-12;Подарочный набор 3×250 г;Подарки;4;6360
2026-09-13;Подарочный набор 3×250 г;Подарки;5;7950
2026-09-14;Подарочный набор 3×250 г;Подарки;5;7950
2026-09-15;Подарочный набор 3×250 г;Подарки;1;1590
2026-09-16;Подарочный набор 3×250 г;Подарки;7;11130
2026-09-17;Подарочный набор 3×250 г;Подарки;5;7950
2026-09-18;Подарочный набор 3×250 г;Подарки;5;7950
2026-09-19;Подарочный набор 3×250 г;Подарки;9;14310
2026-09-20;Подарочный набор 3×250 г;Подарки;5;7950
2026-09-21;Подарочный набор 3×250 г;Подарки;4;6360
2026-09-22;Подарочный набор 3×250 г;Подарки;4;6360
2026-09-23;Подарочный набор 3×250 г;Подарки;5;7950
2026-09-24;Подарочный набор 3×250 г;Подарки;6;9540
2026-09-25;Подарочный набор 3×250 г;Подарки;1;1590
2026-09-26;Подарочный набор 3×250 г;Подарки;6;9540
2026-09-27;Подарочный набор 3×250 г;Подарки;4;6360
2026-09-28;Подарочный набор 3×250 г;Подарки;5;7950
2026-09-29;Подарочный набор 3×250 г;Подарки;5;7950
2026-09-30;Подарочный набор 3×250 г;Подарки;8;12720
2025-09-01;Пробник 50 г;Пробники;8;1520
2025-09-02;Пробник 50 г;Пробники;5;950
2025-09-03;Пробник 50 г;Пробники;1;190
2025-09-04;Пробник 50 г;Пробники;5;950
2025-09-05;Пробник 50 г;Пробники;4;760
2025-09-06;Пробник 50 г;Пробники;5;950
2025-09-07;Пробник 50 г;Пробники;7;1330
2025-09-08;Пробник 50 г;Пробники;7;1330
2025-09-09;Пробник 50 г;Пробники;5;950
2025-09-10;Пробник 50 г;Пробники;4;760
2025-09-11;Пробник 50 г;Пробники;5;950
2025-09-12;Пробник 50 г;Пробники;7;1330
2025-09-13;Пробник 50 г;Пробники;5;950
2025-09-14;Пробник 50 г;Пробники;6;1140
2025-09-15;Пробник 50 г;Пробники;6;1140
2025-09-16;Пробник 50 г;Пробники;4;760
2025-09-17;Пробник 50 г;Пробники;7;1330
2025-09-18;Пробник 50 г;Пробники;4;760
2025-09-19;Пробник 50 г;Пробники;4;760
2025-09-20;Пробник 50 г;Пробники;3;570
2025-09-21;Пробник 50 г;Пробники;2;380
2025-09-22;Пробник 50 г;Пробники;7;1330
2025-09-23;Пробник 50 г;Пробники;4;760
2025-09-24;Пробник 50 г;Пробники;6;1140
2025-09-25;Пробник 50 г;Пробники;5;950
2025-09-26;Пробник 50 г;Пробники;9;1710
2025-09-27;Пробник 50 г;Пробники;7;1330
2025-09-28;Пробник 50 г;Пробники;8;1520
2025-09-29;Пробник 50 г;Пробники;2;380
2025-09-30;Пробник 50 г;Пробники;3;570
2025-10-01;Пробник 50 г;Пробники;4;760
2025-10-02;Пробник 50 г;Пробники;6;1140
2025-10-03;Пробник 50 г;Пробники;7;1330
2025-10-04;Пробник 50 г;Пробники;4;760
2025-10-05;Пробник 50 г;Пробники;6;1140
2025-10-06;Пробник 50 г;Пробники;4;760
2025-10-07;Пробник 50 г;Пробники;2;380
2025-10-08;Пробник 50 г;Пробники;18;3420
2025-10-09;Пробник 50 г;Пробники;3;570
2025-10-10;Пробник 50 г;Пробники;6;1140
2025-10-11;Пробник 50 г;Пробники;10;1900
2025-10-12;Пробник 50 г;Пробники;6;1140
2025-10-13;Пробник 50 г;Пробники;10;1900
2025-10-14;Пробник 50 г;Пробники;1;190
2025-10-15;Пробник 50 г;Пробники;5;950
2025-10-16;Пробник 50 г;Пробники;10;1900
2025-10-17;Пробник 50 г;Пробники;11;2090
2025-10-18;Пробник 50 г;Пробники;4;760
2025-10-19;Пробник 50 г;Пробники;7;1330
2025-10-20;Пробник 50 г;Пробники;7;1330
2025-10-21;Пробник 50 г;Пробники;6;1140
2025-10-22;Пробник 50 г;Пробники;4;760
2025-10-23;Пробник 50 г;Пробники;8;1520
2025-10-24;Пробник 50 г;Пробники;8;1520
2025-10-25;Пробник 50 г;Пробники;8;1520
2025-10-26;Пробник 50 г;Пробники;11;2090
2025-10-27;Пробник 50 г;Пробники;5;950
2025-10-28;Пробник 50 г;Пробники;7;1330
2025-10-29;Пробник 50 г;Пробники;9;1710
2025-10-30;Пробник 50 г;Пробники;8;1520
2025-10-31;Пробник 50 г;Пробники;9;1710
2025-11-01;Пробник 50 г;Пробники;4;760
2025-11-02;Пробник 50 г;Пробники;11;2090
2025-11-03;Пробник 50 г;Пробники;4;760
2025-11-04;Пробник 50 г;Пробники;9;1710
2025-11-05;Пробник 50 г;Пробники;8;1520
2025-11-06;Пробник 50 г;Пробники;7;1330
2025-11-07;Пробник 50 г;Пробники;9;1710
2025-11-08;Пробник 50 г;Пробники;7;1330
2025-11-09;Пробник 50 г;Пробники;3;570
2025-11-10;Пробник 50 г;Пробники;10;1900
2025-11-11;Пробник 50 г;Пробники;10;1900
2025-11-12;Пробник 50 г;Пробники;10;1900
2025-11-13;Пробник 50 г;Пробники;6;1140
2025-11-14;Пробник 50 г;Пробники;5;950
2025-11-15;Пробник 50 г;Пробники;2;380
2025-11-16;Пробник 50 г;Пробники;7;1330
2025-11-17;Пробник 50 г;Пробники;7;1330
2025-11-18;Пробник 50 г;Пробники;7;1330
2025-11-19;Пробник 50 г;Пробники;9;1710
2025-11-20;Пробник 50 г;Пробники;7;1330
2025-11-21;Пробник 50 г;Пробники;7;1330
2025-11-22;Пробник 50 г;Пробники;7;1330
2025-11-23;Пробник 50 г;Пробники;6;1140
2025-11-24;Пробник 50 г;Пробники;12;2280
2025-11-25;Пробник 50 г;Пробники;12;2280
2025-11-26;Пробник 50 г;Пробники;8;1520
2025-11-27;Пробник 50 г;Пробники;13;2470
2025-11-28;Пробник 50 г;Пробники;10;1900
2025-11-29;Пробник 50 г;Пробники;10;1900
2025-11-30;Пробник 50 г;Пробники;7;1330
2025-12-01;Пробник 50 г;Пробники;10;1900
2025-12-02;Пробник 50 г;Пробники;15;2850
2025-12-03;Пробник 50 г;Пробники;8;1520
2025-12-04;Пробник 50 г;Пробники;10;1900
2025-12-05;Пробник 50 г;Пробники;8;1520
2025-12-06;Пробник 50 г;Пробники;5;950
2025-12-07;Пробник 50 г;Пробники;6;1140
2025-12-08;Пробник 50 г;Пробники;14;2660
2025-12-09;Пробник 50 г;Пробники;6;1140
2025-12-10;Пробник 50 г;Пробники;5;950
2025-12-11;Пробник 50 г;Пробники;9;1710
2025-12-12;Пробник 50 г;Пробники;8;1520
2025-12-13;Пробник 50 г;Пробники;4;760
2025-12-14;Пробник 50 г;Пробники;12;2280
2025-12-15;Пробник 50 г;Пробники;14;2660
2025-12-16;Пробник 50 г;Пробники;14;2660
2025-12-17;Пробник 50 г;Пробники;15;2850
2025-12-18;Пробник 50 г;Пробники;13;2470
2025-12-19;Пробник 50 г;Пробники;14;2660
2025-12-20;Пробник 50 г;Пробники;5;950
2025-12-21;Пробник 50 г;Пробники;9;1710
2025-12-22;Пробник 50 г;Пробники;12;2280
2025-12-23;Пробник 50 г;Пробники;15;2850
2025-12-24;Пробник 50 г;Пробники;15;2850
2025-12-25;Пробник 50 г;Пробники;13;2470
2025-12-26;Пробник 50 г;Пробники;15;2850
2025-12-27;Пробник 50 г;Пробники;12;2280
2025-12-28;Пробник 50 г;Пробники;10;1900
2025-12-29;Пробник 50 г;Пробники;12;2280
2025-12-30;Пробник 50 г;Пробники;17;3230
2025-12-31;Пробник 50 г;Пробники;12;2280
2026-01-01;Пробник 50 г;Пробники;4;760
2026-01-02;Пробник 50 г;Пробники;1;190
2026-01-03;Пробник 50 г;Пробники;3;570
2026-01-04;Пробник 50 г;Пробники;3;570
2026-01-05;Пробник 50 г;Пробники;6;1140
2026-01-06;Пробник 50 г;Пробники;3;570
2026-01-07;Пробник 50 г;Пробники;6;1140
2026-01-08;Пробник 50 г;Пробники;3;570
2026-01-09;Пробник 50 г;Пробники;9;1710
2026-01-10;Пробник 50 г;Пробники;6;1140
2026-01-11;Пробник 50 г;Пробники;3;570
2026-01-12;Пробник 50 г;Пробники;7;1330
2026-01-13;Пробник 50 г;Пробники;10;1900
2026-01-14;Пробник 50 г;Пробники;7;1330
2026-01-15;Пробник 50 г;Пробники;9;1710
2026-01-16;Пробник 50 г;Пробники;9;1710
2026-01-17;Пробник 50 г;Пробники;6;1140
2026-01-18;Пробник 50 г;Пробники;4;760
2026-01-19;Пробник 50 г;Пробники;7;1330
2026-01-20;Пробник 50 г;Пробники;5;950
2026-01-21;Пробник 50 г;Пробники;6;1140
2026-01-22;Пробник 50 г;Пробники;2;380
2026-01-23;Пробник 50 г;Пробники;10;1900
2026-01-24;Пробник 50 г;Пробники;8;1520
2026-01-25;Пробник 50 г;Пробники;6;1140
2026-01-26;Пробник 50 г;Пробники;12;2280
2026-01-27;Пробник 50 г;Пробники;7;1330
2026-01-28;Пробник 50 г;Пробники;9;1710
2026-01-29;Пробник 50 г;Пробники;9;1710
2026-01-30;Пробник 50 г;Пробники;12;2280
2026-01-31;Пробник 50 г;Пробники;4;760
2026-02-01;Пробник 50 г;Пробники;16;3040
2026-02-02;Пробник 50 г;Пробники;11;2090
2026-02-03;Пробник 50 г;Пробники;8;1520
2026-02-04;Пробник 50 г;Пробники;10;1900
2026-02-05;Пробник 50 г;Пробники;8;1520
2026-02-06;Пробник 50 г;Пробники;6;1140
2026-02-07;Пробник 50 г;Пробники;5;950
2026-02-08;Пробник 50 г;Пробники;8;1520
2026-02-09;Пробник 50 г;Пробники;5;950
2026-02-10;Пробник 50 г;Пробники;8;1520
2026-02-11;Пробник 50 г;Пробники;9;1710
2026-02-12;Пробник 50 г;Пробники;8;1520
2026-02-13;Пробник 50 г;Пробники;6;1140
2026-02-14;Пробник 50 г;Пробники;9;1710
2026-02-15;Пробник 50 г;Пробники;5;950
2026-02-16;Пробник 50 г;Пробники;7;1330
2026-02-17;Пробник 50 г;Пробники;9;1710
2026-02-18;Пробник 50 г;Пробники;8;1520
2026-02-19;Пробник 50 г;Пробники;7;1330
2026-02-20;Пробник 50 г;Пробники;10;1900
2026-02-21;Пробник 50 г;Пробники;5;950
2026-02-22;Пробник 50 г;Пробники;10;1900
2026-02-23;Пробник 50 г;Пробники;5;950
2026-02-24;Пробник 50 г;Пробники;18;3420
2026-02-25;Пробник 50 г;Пробники;9;1710
2026-02-26;Пробник 50 г;Пробники;3;570
2026-02-27;Пробник 50 г;Пробники;6;1140
2026-02-28;Пробник 50 г;Пробники;8;1520
2026-03-01;Пробник 50 г;Пробники;12;2400
2026-03-02;Пробник 50 г;Пробники;9;1800
2026-03-03;Пробник 50 г;Пробники;3;600
2026-03-04;Пробник 50 г;Пробники;8;1600
2026-03-05;Пробник 50 г;Пробники;11;2200
2026-03-06;Пробник 50 г;Пробники;10;2000
2026-03-07;Пробник 50 г;Пробники;12;2400
2026-03-08;Пробник 50 г;Пробники;7;1400
2026-03-09;Пробник 50 г;Пробники;7;1400
2026-03-10;Пробник 50 г;Пробники;9;1800
2026-03-11;Пробник 50 г;Пробники;8;1600
2026-03-12;Пробник 50 г;Пробники;5;1000
2026-03-13;Пробник 50 г;Пробники;6;1200
2026-03-14;Пробник 50 г;Пробники;3;600
2026-03-15;Пробник 50 г;Пробники;12;2400
2026-03-16;Пробник 50 г;Пробники;8;1600
2026-03-17;Пробник 50 г;Пробники;8;1600
2026-03-18;Пробник 50 г;Пробники;7;1400
2026-03-19;Пробник 50 г;Пробники;8;1600
2026-03-20;Пробник 50 г;Пробники;10;2000
2026-03-21;Пробник 50 г;Пробники;3;600
2026-03-22;Пробник 50 г;Пробники;10;2000
2026-03-23;Пробник 50 г;Пробники;13;2600
2026-03-24;Пробник 50 г;Пробники;7;1400
2026-03-25;Пробник 50 г;Пробники;10;2000
2026-03-26;Пробник 50 г;Пробники;6;1200
2026-03-27;Пробник 50 г;Пробники;7;1400
2026-03-28;Пробник 50 г;Пробники;8;1600
2026-03-29;Пробник 50 г;Пробники;8;1600
2026-03-30;Пробник 50 г;Пробники;6;1200
2026-03-31;Пробник 50 г;Пробники;8;1600
2026-04-01;Пробник 50 г;Пробники;2;400
2026-04-02;Пробник 50 г;Пробники;7;1400
2026-04-03;Пробник 50 г;Пробники;9;1800
2026-04-04;Пробник 50 г;Пробники;11;2200
2026-04-05;Пробник 50 г;Пробники;8;1600
2026-04-06;Пробник 50 г;Пробники;8;1600
2026-04-07;Пробник 50 г;Пробники;14;2800
2026-04-08;Пробник 50 г;Пробники;7;1400
2026-04-09;Пробник 50 г;Пробники;8;1600
2026-04-10;Пробник 50 г;Пробники;8;1600
2026-04-11;Пробник 50 г;Пробники;7;1400
2026-04-12;Пробник 50 г;Пробники;9;1800
2026-04-13;Пробник 50 г;Пробники;8;1600
2026-04-14;Пробник 50 г;Пробники;5;1000
2026-04-15;Пробник 50 г;Пробники;7;1400
2026-04-16;Пробник 50 г;Пробники;2;400
2026-04-17;Пробник 50 г;Пробники;12;2400
2026-04-18;Пробник 50 г;Пробники;7;1400
2026-04-19;Пробник 50 г;Пробники;5;1000
2026-04-20;Пробник 50 г;Пробники;7;1400
2026-04-21;Пробник 50 г;Пробники;8;1600
2026-04-22;Пробник 50 г;Пробники;4;800
2026-04-23;Пробник 50 г;Пробники;4;800
2026-04-24;Пробник 50 г;Пробники;9;1800
2026-04-25;Пробник 50 г;Пробники;6;1200
2026-04-26;Пробник 50 г;Пробники;7;1400
2026-04-27;Пробник 50 г;Пробники;4;800
2026-04-28;Пробник 50 г;Пробники;6;1200
2026-04-29;Пробник 50 г;Пробники;4;800
2026-04-30;Пробник 50 г;Пробники;5;1000
2026-05-01;Пробник 50 г;Пробники;4;800
2026-05-02;Пробник 50 г;Пробники;7;1400
2026-05-03;Пробник 50 г;Пробники;7;1400
2026-05-04;Пробник 50 г;Пробники;9;1800
2026-05-05;Пробник 50 г;Пробники;7;1400
2026-05-06;Пробник 50 г;Пробники;1;200
2026-05-07;Пробник 50 г;Пробники;9;1800
2026-05-08;Пробник 50 г;Пробники;7;1400
2026-05-09;Пробник 50 г;Пробники;7;1400
2026-05-10;Пробник 50 г;Пробники;8;1600
2026-05-11;Пробник 50 г;Пробники;9;1800
2026-05-12;Пробник 50 г;Пробники;12;2400
2026-05-13;Пробник 50 г;Пробники;5;1000
2026-05-14;Пробник 50 г;Пробники;3;600
2026-05-15;Пробник 50 г;Пробники;5;1000
2026-05-16;Пробник 50 г;Пробники;4;800
2026-05-17;Пробник 50 г;Пробники;3;600
2026-05-18;Пробник 50 г;Пробники;5;1000
2026-05-19;Пробник 50 г;Пробники;7;1400
2026-05-20;Пробник 50 г;Пробники;4;800
2026-05-21;Пробник 50 г;Пробники;8;1600
2026-05-22;Пробник 50 г;Пробники;5;1000
2026-05-23;Пробник 50 г;Пробники;2;400
2026-05-24;Пробник 50 г;Пробники;11;2200
2026-05-25;Пробник 50 г;Пробники;6;1200
2026-05-26;Пробник 50 г;Пробники;4;800
2026-05-27;Пробник 50 г;Пробники;7;1400
2026-05-28;Пробник 50 г;Пробники;6;1200
2026-05-29;Пробник 50 г;Пробники;7;1400
2026-05-30;Пробник 50 г;Пробники;5;1000
2026-05-31;Пробник 50 г;Пробники;2;400
2026-06-01;Пробник 50 г;Пробники;3;600
2026-06-02;Пробник 50 г;Пробники;2;400
2026-06-03;Пробник 50 г;Пробники;6;1200
2026-06-04;Пробник 50 г;Пробники;5;1000
2026-06-05;Пробник 50 г;Пробники;2;400
2026-06-07;Пробник 50 г;Пробники;7;1400
2026-06-08;Пробник 50 г;Пробники;9;1800
2026-06-09;Пробник 50 г;Пробники;6;1200
2026-06-10;Пробник 50 г;Пробники;6;1200
2026-06-11;Пробник 50 г;Пробники;4;800
2026-06-12;Пробник 50 г;Пробники;5;1000
2026-06-13;Пробник 50 г;Пробники;3;600
2026-06-14;Пробник 50 г;Пробники;1;200
2026-06-15;Пробник 50 г;Пробники;6;1200
2026-06-16;Пробник 50 г;Пробники;5;1000
2026-06-17;Пробник 50 г;Пробники;4;800
2026-06-18;Пробник 50 г;Пробники;6;1200
2026-06-19;Пробник 50 г;Пробники;2;400
2026-06-20;Пробник 50 г;Пробники;7;1400
2026-06-21;Пробник 50 г;Пробники;7;1400
2026-06-22;Пробник 50 г;Пробники;7;1400
2026-06-23;Пробник 50 г;Пробники;4;800
2026-06-24;Пробник 50 г;Пробники;3;600
2026-06-25;Пробник 50 г;Пробники;5;1000
2026-06-26;Пробник 50 г;Пробники;7;1400
2026-06-27;Пробник 50 г;Пробники;3;600
2026-06-28;Пробник 50 г;Пробники;4;800
2026-06-29;Пробник 50 г;Пробники;8;1600
2026-06-30;Пробник 50 г;Пробники;4;800
2026-07-01;Пробник 50 г;Пробники;1;200
2026-07-02;Пробник 50 г;Пробники;4;800
2026-07-03;Пробник 50 г;Пробники;6;1200
2026-07-04;Пробник 50 г;Пробники;2;400
2026-07-05;Пробник 50 г;Пробники;9;1800
2026-07-06;Пробник 50 г;Пробники;4;800
2026-07-07;Пробник 50 г;Пробники;5;1000
2026-07-08;Пробник 50 г;Пробники;2;400
2026-07-09;Пробник 50 г;Пробники;6;1200
2026-07-10;Пробник 50 г;Пробники;4;800
2026-07-11;Пробник 50 г;Пробники;3;600
2026-07-12;Пробник 50 г;Пробники;5;1000
2026-07-13;Пробник 50 г;Пробники;12;2400
2026-07-14;Пробник 50 г;Пробники;9;1800
2026-07-15;Пробник 50 г;Пробники;3;600
2026-07-16;Пробник 50 г;Пробники;1;200
2026-07-17;Пробник 50 г;Пробники;6;1200
2026-07-18;Пробник 50 г;Пробники;5;1000
2026-07-19;Пробник 50 г;Пробники;7;1400
2026-07-20;Пробник 50 г;Пробники;8;1600
2026-07-21;Пробник 50 г;Пробники;4;800
2026-07-22;Пробник 50 г;Пробники;4;800
2026-07-23;Пробник 50 г;Пробники;8;1600
2026-07-24;Пробник 50 г;Пробники;6;1200
2026-07-25;Пробник 50 г;Пробники;1;200
2026-07-26;Пробник 50 г;Пробники;5;1000
2026-07-27;Пробник 50 г;Пробники;2;400
2026-07-28;Пробник 50 г;Пробники;2;400
2026-07-29;Пробник 50 г;Пробники;4;800
2026-07-30;Пробник 50 г;Пробники;7;1400
2026-07-31;Пробник 50 г;Пробники;1;200
2026-08-01;Пробник 50 г;Пробники;4;800
2026-08-02;Пробник 50 г;Пробники;5;1000
2026-08-03;Пробник 50 г;Пробники;7;1400
2026-08-04;Пробник 50 г;Пробники;8;1600
2026-08-05;Пробник 50 г;Пробники;5;1000
2026-08-06;Пробник 50 г;Пробники;6;1200
2026-08-07;Пробник 50 г;Пробники;1;200
2026-08-08;Пробник 50 г;Пробники;3;600
2026-08-09;Пробник 50 г;Пробники;4;800
2026-08-11;Пробник 50 г;Пробники;8;1600
2026-08-12;Пробник 50 г;Пробники;5;1000
2026-08-13;Пробник 50 г;Пробники;1;200
2026-08-15;Пробник 50 г;Пробники;4;800
2026-08-16;Пробник 50 г;Пробники;9;1800
2026-08-17;Пробник 50 г;Пробники;5;1000
2026-08-18;Пробник 50 г;Пробники;6;1200
2026-08-20;Пробник 50 г;Пробники;4;800
2026-08-21;Пробник 50 г;Пробники;6;1200
2026-08-22;Пробник 50 г;Пробники;8;1600
2026-08-23;Пробник 50 г;Пробники;6;1200
2026-08-24;Пробник 50 г;Пробники;7;1400
2026-08-25;Пробник 50 г;Пробники;6;1200
2026-08-26;Пробник 50 г;Пробники;5;1000
2026-08-27;Пробник 50 г;Пробники;6;1200
2026-08-28;Пробник 50 г;Пробники;9;1800
2026-08-29;Пробник 50 г;Пробники;2;400
2026-08-30;Пробник 50 г;Пробники;11;2200
2026-08-31;Пробник 50 г;Пробники;2;400
2026-09-01;Пробник 50 г;Пробники;7;1400
2026-09-02;Пробник 50 г;Пробники;8;1600
2026-09-03;Пробник 50 г;Пробники;9;1800
2026-09-04;Пробник 50 г;Пробники;9;1800
2026-09-05;Пробник 50 г;Пробники;4;800
2026-09-06;Пробник 50 г;Пробники;4;800
2026-09-07;Пробник 50 г;Пробники;6;1200
2026-09-08;Пробник 50 г;Пробники;5;1000
2026-09-09;Пробник 50 г;Пробники;7;1400
2026-09-10;Пробник 50 г;Пробники;7;1400
2026-09-11;Пробник 50 г;Пробники;7;1400
2026-09-12;Пробник 50 г;Пробники;2;400
2026-09-13;Пробник 50 г;Пробники;5;1000
2026-09-14;Пробник 50 г;Пробники;6;1200
2026-09-15;Пробник 50 г;Пробники;4;800
2026-09-16;Пробник 50 г;Пробники;9;1800
2026-09-17;Пробник 50 г;Пробники;6;1200
2026-09-18;Пробник 50 г;Пробники;5;1000
2026-09-19;Пробник 50 г;Пробники;7;1400
2026-09-20;Пробник 50 г;Пробники;4;800
2026-09-21;Пробник 50 г;Пробники;8;1600
2026-09-22;Пробник 50 г;Пробники;7;1400
2026-09-23;Пробник 50 г;Пробники;3;600
2026-09-24;Пробник 50 г;Пробники;12;2400
2026-09-25;Пробник 50 г;Пробники;5;1000
2026-09-26;Пробник 50 г;Пробники;1;200
2026-09-27;Пробник 50 г;Пробники;7;1400
2026-09-28;Пробник 50 г;Пробники;11;2200
2026-09-29;Пробник 50 г;Пробники;6;1200
2026-09-30;Пробник 50 г;Пробники;11;2200
2025-09-01;Мёд в сотах 300 г;Мёд;5;6250
2025-09-02;Мёд в сотах 300 г;Мёд;3;3750
2025-09-03;Мёд в сотах 300 г;Мёд;5;6250
2025-09-04;Мёд в сотах 300 г;Мёд;4;5000
2025-09-05;Мёд в сотах 300 г;Мёд;6;7500
2025-09-06;Мёд в сотах 300 г;Мёд;3;3750
2025-09-07;Мёд в сотах 300 г;Мёд;5;6250
2025-09-08;Мёд в сотах 300 г;Мёд;4;5000
2025-09-09;Мёд в сотах 300 г;Мёд;5;6250
2025-09-10;Мёд в сотах 300 г;Мёд;3;3750
2025-09-11;Мёд в сотах 300 г;Мёд;4;5000
2025-09-12;Мёд в сотах 300 г;Мёд;5;6250
2025-09-13;Мёд в сотах 300 г;Мёд;3;3750
2025-09-14;Мёд в сотах 300 г;Мёд;7;8750
2025-09-15;Мёд в сотах 300 г;Мёд;3;3750
2025-09-16;Мёд в сотах 300 г;Мёд;5;6250
2025-09-17;Мёд в сотах 300 г;Мёд;5;6250
2025-09-18;Мёд в сотах 300 г;Мёд;8;10000
2025-09-19;Мёд в сотах 300 г;Мёд;4;5000
2025-09-20;Мёд в сотах 300 г;Мёд;4;5000
2025-09-21;Мёд в сотах 300 г;Мёд;5;6250
2025-09-22;Мёд в сотах 300 г;Мёд;2;2500
2025-09-23;Мёд в сотах 300 г;Мёд;2;2500
2025-09-24;Мёд в сотах 300 г;Мёд;7;8750
2025-09-25;Мёд в сотах 300 г;Мёд;9;11250
2025-09-26;Мёд в сотах 300 г;Мёд;4;5000
2025-09-27;Мёд в сотах 300 г;Мёд;3;3750
2025-09-28;Мёд в сотах 300 г;Мёд;6;7500
2025-09-29;Мёд в сотах 300 г;Мёд;8;10000
2025-09-30;Мёд в сотах 300 г;Мёд;4;5000
2025-10-01;Мёд в сотах 300 г;Мёд;3;3750
2025-10-02;Мёд в сотах 300 г;Мёд;8;10000
2025-10-03;Мёд в сотах 300 г;Мёд;5;6250
2025-10-04;Мёд в сотах 300 г;Мёд;4;5000
2025-10-05;Мёд в сотах 300 г;Мёд;6;7500
2025-10-06;Мёд в сотах 300 г;Мёд;4;5000
2025-10-07;Мёд в сотах 300 г;Мёд;7;8750
2025-10-08;Мёд в сотах 300 г;Мёд;5;6250
2025-10-09;Мёд в сотах 300 г;Мёд;2;2500
2025-10-10;Мёд в сотах 300 г;Мёд;3;3750
2025-10-11;Мёд в сотах 300 г;Мёд;6;7500
2025-10-12;Мёд в сотах 300 г;Мёд;5;6250
2025-10-13;Мёд в сотах 300 г;Мёд;6;7500
2025-10-14;Мёд в сотах 300 г;Мёд;4;5000
2025-10-15;Мёд в сотах 300 г;Мёд;2;2500
2025-10-16;Мёд в сотах 300 г;Мёд;4;5000
2025-10-17;Мёд в сотах 300 г;Мёд;5;6250
2025-10-18;Мёд в сотах 300 г;Мёд;3;3750
2025-10-19;Мёд в сотах 300 г;Мёд;3;3750
2025-10-20;Мёд в сотах 300 г;Мёд;8;10000
2025-10-21;Мёд в сотах 300 г;Мёд;3;3750
2025-10-22;Мёд в сотах 300 г;Мёд;6;7500
2025-10-23;Мёд в сотах 300 г;Мёд;4;5000
2025-10-24;Мёд в сотах 300 г;Мёд;7;8750
2025-10-25;Мёд в сотах 300 г;Мёд;6;7500
2025-10-26;Мёд в сотах 300 г;Мёд;3;3750
2025-10-27;Мёд в сотах 300 г;Мёд;4;5000
2025-10-28;Мёд в сотах 300 г;Мёд;6;7500
2025-10-29;Мёд в сотах 300 г;Мёд;7;8750
2025-10-30;Мёд в сотах 300 г;Мёд;3;3750
2025-10-31;Мёд в сотах 300 г;Мёд;7;8750
2025-11-02;Мёд в сотах 300 г;Мёд;1;1250
2025-11-03;Мёд в сотах 300 г;Мёд;2;2500
2025-11-05;Мёд в сотах 300 г;Мёд;1;1250
2025-11-06;Мёд в сотах 300 г;Мёд;8;10000
2025-11-07;Мёд в сотах 300 г;Мёд;2;2500
2025-11-08;Мёд в сотах 300 г;Мёд;3;3750
2025-11-09;Мёд в сотах 300 г;Мёд;1;1250
2025-11-10;Мёд в сотах 300 г;Мёд;4;5000
2025-11-11;Мёд в сотах 300 г;Мёд;4;5000
2025-11-12;Мёд в сотах 300 г;Мёд;6;7500
2025-11-13;Мёд в сотах 300 г;Мёд;6;7500
2025-11-14;Мёд в сотах 300 г;Мёд;3;3750
2025-11-15;Мёд в сотах 300 г;Мёд;6;7500
2025-11-16;Мёд в сотах 300 г;Мёд;3;3750
2025-11-17;Мёд в сотах 300 г;Мёд;3;3750
2025-11-18;Мёд в сотах 300 г;Мёд;4;5000
2025-11-19;Мёд в сотах 300 г;Мёд;2;2500
2025-11-20;Мёд в сотах 300 г;Мёд;2;2500
2025-11-21;Мёд в сотах 300 г;Мёд;1;1250
2025-11-22;Мёд в сотах 300 г;Мёд;1;1250
2025-11-23;Мёд в сотах 300 г;Мёд;2;2500
2025-11-24;Мёд в сотах 300 г;Мёд;6;7500
2025-11-25;Мёд в сотах 300 г;Мёд;7;8750
2025-11-26;Мёд в сотах 300 г;Мёд;6;7500
2025-11-27;Мёд в сотах 300 г;Мёд;8;10000
2025-11-28;Мёд в сотах 300 г;Мёд;6;7500
2025-11-29;Мёд в сотах 300 г;Мёд;1;1250
2025-11-30;Мёд в сотах 300 г;Мёд;8;10000
2025-12-01;Мёд в сотах 300 г;Мёд;5;6250
2025-12-02;Мёд в сотах 300 г;Мёд;5;6250
2025-12-03;Мёд в сотах 300 г;Мёд;2;2500
2025-12-04;Мёд в сотах 300 г;Мёд;3;3750
2025-12-05;Мёд в сотах 300 г;Мёд;2;2500
2025-12-06;Мёд в сотах 300 г;Мёд;1;1250
2025-12-07;Мёд в сотах 300 г;Мёд;2;2500
2025-12-08;Мёд в сотах 300 г;Мёд;2;2500
2025-12-09;Мёд в сотах 300 г;Мёд;3;3750
2025-12-10;Мёд в сотах 300 г;Мёд;3;3750
2025-12-11;Мёд в сотах 300 г;Мёд;2;2500
2025-12-12;Мёд в сотах 300 г;Мёд;3;3750
2025-12-13;Мёд в сотах 300 г;Мёд;2;2500
2025-12-14;Мёд в сотах 300 г;Мёд;6;7500
2025-12-15;Мёд в сотах 300 г;Мёд;3;3750
2025-12-16;Мёд в сотах 300 г;Мёд;3;3750
2025-12-17;Мёд в сотах 300 г;Мёд;4;5000
2025-12-18;Мёд в сотах 300 г;Мёд;5;6250
2025-12-19;Мёд в сотах 300 г;Мёд;2;2500
2025-12-20;Мёд в сотах 300 г;Мёд;3;3750
2025-12-21;Мёд в сотах 300 г;Мёд;6;7500
2025-12-22;Мёд в сотах 300 г;Мёд;4;5000
2025-12-23;Мёд в сотах 300 г;Мёд;3;3750
2025-12-24;Мёд в сотах 300 г;Мёд;7;8750
2025-12-25;Мёд в сотах 300 г;Мёд;2;2500
2025-12-26;Мёд в сотах 300 г;Мёд;2;2500
2025-12-27;Мёд в сотах 300 г;Мёд;1;1250
2025-12-28;Мёд в сотах 300 г;Мёд;2;2500
2025-12-29;Мёд в сотах 300 г;Мёд;3;3750
2025-12-30;Мёд в сотах 300 г;Мёд;4;5000
2025-12-31;Мёд в сотах 300 г;Мёд;5;6250
2026-01-01;Мёд в сотах 300 г;Мёд;3;3750
2026-01-02;Мёд в сотах 300 г;Мёд;4;5000
2026-01-03;Мёд в сотах 300 г;Мёд;2;2500
2026-01-04;Мёд в сотах 300 г;Мёд;1;1250
2026-01-06;Мёд в сотах 300 г;Мёд;2;2500
2026-01-07;Мёд в сотах 300 г;Мёд;2;2500
2026-01-09;Мёд в сотах 300 г;Мёд;2;2500
2026-01-10;Мёд в сотах 300 г;Мёд;4;5000
2026-01-11;Мёд в сотах 300 г;Мёд;1;1250
2026-01-12;Мёд в сотах 300 г;Мёд;2;2500
2026-01-13;Мёд в сотах 300 г;Мёд;2;2500
2026-01-14;Мёд в сотах 300 г;Мёд;2;2500
2026-01-15;Мёд в сотах 300 г;Мёд;2;2500
2026-01-16;Мёд в сотах 300 г;Мёд;2;2500
2026-01-17;Мёд в сотах 300 г;Мёд;1;1250
2026-01-18;Мёд в сотах 300 г;Мёд;4;5000
2026-01-19;Мёд в сотах 300 г;Мёд;2;2500
2026-01-20;Мёд в сотах 300 г;Мёд;1;1250
2026-01-21;Мёд в сотах 300 г;Мёд;4;5000
2026-01-22;Мёд в сотах 300 г;Мёд;1;1250
2026-01-23;Мёд в сотах 300 г;Мёд;6;7500
2026-01-24;Мёд в сотах 300 г;Мёд;1;1250
2026-01-25;Мёд в сотах 300 г;Мёд;4;5000
2026-01-26;Мёд в сотах 300 г;Мёд;3;3750
2026-01-27;Мёд в сотах 300 г;Мёд;2;2500
2026-01-28;Мёд в сотах 300 г;Мёд;1;1250
2026-01-29;Мёд в сотах 300 г;Мёд;2;2500
2026-01-30;Мёд в сотах 300 г;Мёд;3;3750
2026-01-31;Мёд в сотах 300 г;Мёд;1;1250
2026-02-01;Мёд в сотах 300 г;Мёд;2;2500
2026-02-02;Мёд в сотах 300 г;Мёд;1;1250
2026-02-03;Мёд в сотах 300 г;Мёд;3;3750
2026-02-05;Мёд в сотах 300 г;Мёд;1;1250
2026-02-06;Мёд в сотах 300 г;Мёд;1;1250
2026-02-07;Мёд в сотах 300 г;Мёд;1;1250
2026-02-08;Мёд в сотах 300 г;Мёд;2;2500
2026-02-09;Мёд в сотах 300 г;Мёд;5;6250
2026-02-10;Мёд в сотах 300 г;Мёд;2;2500
2026-02-11;Мёд в сотах 300 г;Мёд;7;8750
2026-02-12;Мёд в сотах 300 г;Мёд;7;8750
2026-02-13;Мёд в сотах 300 г;Мёд;2;2500
2026-02-14;Мёд в сотах 300 г;Мёд;1;1250
2026-02-15;Мёд в сотах 300 г;Мёд;1;1250
2026-02-16;Мёд в сотах 300 г;Мёд;1;1250
2026-02-17;Мёд в сотах 300 г;Мёд;3;3750
2026-02-18;Мёд в сотах 300 г;Мёд;2;2500
2026-02-19;Мёд в сотах 300 г;Мёд;2;2500
2026-02-20;Мёд в сотах 300 г;Мёд;6;7500
2026-02-22;Мёд в сотах 300 г;Мёд;2;2500
2026-02-23;Мёд в сотах 300 г;Мёд;2;2500
2026-02-24;Мёд в сотах 300 г;Мёд;2;2500
2026-02-25;Мёд в сотах 300 г;Мёд;2;2500
2026-02-26;Мёд в сотах 300 г;Мёд;2;2500
2026-02-27;Мёд в сотах 300 г;Мёд;1;1250
2026-02-28;Мёд в сотах 300 г;Мёд;1;1250
2026-03-01;Мёд в сотах 300 г;Мёд;3;4020
2026-03-02;Мёд в сотах 300 г;Мёд;2;2680
2026-03-03;Мёд в сотах 300 г;Мёд;4;5360
2026-03-04;Мёд в сотах 300 г;Мёд;3;4020
2026-03-05;Мёд в сотах 300 г;Мёд;1;1340
2026-03-06;Мёд в сотах 300 г;Мёд;1;1340
2026-03-08;Мёд в сотах 300 г;Мёд;3;4020
2026-03-09;Мёд в сотах 300 г;Мёд;3;4020
2026-03-10;Мёд в сотах 300 г;Мёд;2;2680
2026-03-11;Мёд в сотах 300 г;Мёд;2;2680
2026-03-12;Мёд в сотах 300 г;Мёд;3;4020
2026-03-13;Мёд в сотах 300 г;Мёд;4;5360
2026-03-14;Мёд в сотах 300 г;Мёд;3;4020
2026-03-15;Мёд в сотах 300 г;Мёд;2;2680
2026-03-16;Мёд в сотах 300 г;Мёд;3;4020
2026-03-17;Мёд в сотах 300 г;Мёд;1;1340
2026-03-18;Мёд в сотах 300 г;Мёд;8;10720
2026-03-19;Мёд в сотах 300 г;Мёд;1;1340
2026-03-20;Мёд в сотах 300 г;Мёд;1;1340
2026-03-21;Мёд в сотах 300 г;Мёд;2;2680
2026-03-23;Мёд в сотах 300 г;Мёд;2;2680
2026-03-24;Мёд в сотах 300 г;Мёд;4;5360
2026-03-25;Мёд в сотах 300 г;Мёд;3;4020
2026-03-26;Мёд в сотах 300 г;Мёд;1;1340
2026-03-28;Мёд в сотах 300 г;Мёд;1;1340
2026-03-29;Мёд в сотах 300 г;Мёд;3;4020
2026-03-30;Мёд в сотах 300 г;Мёд;3;4020
2026-03-31;Мёд в сотах 300 г;Мёд;1;1340
2026-04-01;Мёд в сотах 300 г;Мёд;1;1340
2026-04-02;Мёд в сотах 300 г;Мёд;1;1340
2026-04-03;Мёд в сотах 300 г;Мёд;3;4020
2026-04-04;Мёд в сотах 300 г;Мёд;3;4020
2026-04-05;Мёд в сотах 300 г;Мёд;3;4020
2026-04-10;Мёд в сотах 300 г;Мёд;2;2680
2026-04-11;Мёд в сотах 300 г;Мёд;3;4020
2026-04-12;Мёд в сотах 300 г;Мёд;4;5360
2026-04-13;Мёд в сотах 300 г;Мёд;2;2680
2026-04-16;Мёд в сотах 300 г;Мёд;2;2680
2026-04-18;Мёд в сотах 300 г;Мёд;3;4020
2026-04-19;Мёд в сотах 300 г;Мёд;4;5360
2026-04-20;Мёд в сотах 300 г;Мёд;1;1340
2026-04-21;Мёд в сотах 300 г;Мёд;2;2680
2026-04-22;Мёд в сотах 300 г;Мёд;2;2680
2026-04-23;Мёд в сотах 300 г;Мёд;1;1340
2026-04-24;Мёд в сотах 300 г;Мёд;2;2680
2026-04-25;Мёд в сотах 300 г;Мёд;2;2680
2026-04-26;Мёд в сотах 300 г;Мёд;1;1340
2026-04-27;Мёд в сотах 300 г;Мёд;2;2680
2026-04-28;Мёд в сотах 300 г;Мёд;4;5360
2026-04-30;Мёд в сотах 300 г;Мёд;1;1340
2026-05-01;Мёд в сотах 300 г;Мёд;1;1340
2026-05-03;Мёд в сотах 300 г;Мёд;3;4020
2026-05-04;Мёд в сотах 300 г;Мёд;4;5360
2026-05-05;Мёд в сотах 300 г;Мёд;1;1340
2026-05-06;Мёд в сотах 300 г;Мёд;1;1340
2026-05-07;Мёд в сотах 300 г;Мёд;2;2680
2026-05-08;Мёд в сотах 300 г;Мёд;2;2680
2026-05-09;Мёд в сотах 300 г;Мёд;5;6700
2026-05-10;Мёд в сотах 300 г;Мёд;1;1340
2026-05-11;Мёд в сотах 300 г;Мёд;3;4020
2026-05-12;Мёд в сотах 300 г;Мёд;5;6700
2026-05-14;Мёд в сотах 300 г;Мёд;1;1340
2026-05-15;Мёд в сотах 300 г;Мёд;3;4020
2026-05-16;Мёд в сотах 300 г;Мёд;1;1340
2026-05-17;Мёд в сотах 300 г;Мёд;4;5360
2026-05-18;Мёд в сотах 300 г;Мёд;1;1340
2026-05-19;Мёд в сотах 300 г;Мёд;3;4020
2026-05-20;Мёд в сотах 300 г;Мёд;1;1340
2026-05-21;Мёд в сотах 300 г;Мёд;2;2680
2026-05-22;Мёд в сотах 300 г;Мёд;1;1340
2026-05-23;Мёд в сотах 300 г;Мёд;2;2680
2026-05-25;Мёд в сотах 300 г;Мёд;2;2680
2026-05-28;Мёд в сотах 300 г;Мёд;1;1340
2026-05-29;Мёд в сотах 300 г;Мёд;2;2680
2026-05-30;Мёд в сотах 300 г;Мёд;1;1340
2026-05-31;Мёд в сотах 300 г;Мёд;1;1340
2026-06-01;Мёд в сотах 300 г;Мёд;3;4020
2026-06-02;Мёд в сотах 300 г;Мёд;2;2680
2026-06-03;Мёд в сотах 300 г;Мёд;3;4020
2026-06-04;Мёд в сотах 300 г;Мёд;1;1340
2026-06-06;Мёд в сотах 300 г;Мёд;2;2680
2026-06-07;Мёд в сотах 300 г;Мёд;4;5360
2026-06-08;Мёд в сотах 300 г;Мёд;3;4020
2026-06-09;Мёд в сотах 300 г;Мёд;2;2680
2026-06-10;Мёд в сотах 300 г;Мёд;3;4020
2026-06-11;Мёд в сотах 300 г;Мёд;1;1340
2026-06-12;Мёд в сотах 300 г;Мёд;2;2680
2026-06-14;Мёд в сотах 300 г;Мёд;3;4020
2026-06-15;Мёд в сотах 300 г;Мёд;3;4020
2026-06-16;Мёд в сотах 300 г;Мёд;3;4020
2026-06-17;Мёд в сотах 300 г;Мёд;3;4020
2026-06-18;Мёд в сотах 300 г;Мёд;1;1340
2026-06-19;Мёд в сотах 300 г;Мёд;2;2680
2026-06-20;Мёд в сотах 300 г;Мёд;1;1340
2026-06-21;Мёд в сотах 300 г;Мёд;4;5360
2026-06-22;Мёд в сотах 300 г;Мёд;2;2680
2026-06-23;Мёд в сотах 300 г;Мёд;1;1340
2026-06-24;Мёд в сотах 300 г;Мёд;1;1340
2026-06-25;Мёд в сотах 300 г;Мёд;3;4020
2026-06-26;Мёд в сотах 300 г;Мёд;4;5360
2026-06-27;Мёд в сотах 300 г;Мёд;1;1340
2026-06-28;Мёд в сотах 300 г;Мёд;2;2680
2026-06-29;Мёд в сотах 300 г;Мёд;3;4020
2026-07-01;Мёд в сотах 300 г;Мёд;3;4020
2026-07-02;Мёд в сотах 300 г;Мёд;3;4020
2026-07-03;Мёд в сотах 300 г;Мёд;2;2680
2026-07-06;Мёд в сотах 300 г;Мёд;3;4020
2026-07-07;Мёд в сотах 300 г;Мёд;3;4020
2026-07-08;Мёд в сотах 300 г;Мёд;4;5360
2026-07-09;Мёд в сотах 300 г;Мёд;2;2680
2026-07-10;Мёд в сотах 300 г;Мёд;2;2680
2026-07-11;Мёд в сотах 300 г;Мёд;2;2680
2026-07-12;Мёд в сотах 300 г;Мёд;3;4020
2026-07-13;Мёд в сотах 300 г;Мёд;5;6700
2026-07-14;Мёд в сотах 300 г;Мёд;2;2680
2026-07-15;Мёд в сотах 300 г;Мёд;1;1340
2026-07-17;Мёд в сотах 300 г;Мёд;1;1340
2026-07-18;Мёд в сотах 300 г;Мёд;2;2680
2026-07-19;Мёд в сотах 300 г;Мёд;1;1340
2026-07-20;Мёд в сотах 300 г;Мёд;2;2680
2026-07-21;Мёд в сотах 300 г;Мёд;1;1340
2026-07-23;Мёд в сотах 300 г;Мёд;1;1340
2026-07-24;Мёд в сотах 300 г;Мёд;1;1340
2026-07-25;Мёд в сотах 300 г;Мёд;2;2680
2026-07-26;Мёд в сотах 300 г;Мёд;1;1340
2026-07-27;Мёд в сотах 300 г;Мёд;3;4020
2026-07-28;Мёд в сотах 300 г;Мёд;3;4020
2026-07-29;Мёд в сотах 300 г;Мёд;3;4020
2026-07-31;Мёд в сотах 300 г;Мёд;2;2680
2026-08-01;Мёд в сотах 300 г;Мёд;6;8040
2026-08-02;Мёд в сотах 300 г;Мёд;8;10720
2026-08-03;Мёд в сотах 300 г;Мёд;3;4020
2026-08-04;Мёд в сотах 300 г;Мёд;5;6700
2026-08-05;Мёд в сотах 300 г;Мёд;2;2680
2026-08-06;Мёд в сотах 300 г;Мёд;3;4020
2026-08-07;Мёд в сотах 300 г;Мёд;4;5360
2026-08-08;Мёд в сотах 300 г;Мёд;7;9380
2026-08-09;Мёд в сотах 300 г;Мёд;1;1340
2026-08-10;Мёд в сотах 300 г;Мёд;3;4020
2026-08-11;Мёд в сотах 300 г;Мёд;3;4020
2026-08-12;Мёд в сотах 300 г;Мёд;8;10720
2026-08-13;Мёд в сотах 300 г;Мёд;3;4020
2026-08-14;Мёд в сотах 300 г;Мёд;2;2680
2026-08-15;Мёд в сотах 300 г;Мёд;3;4020
2026-08-16;Мёд в сотах 300 г;Мёд;3;4020
2026-08-17;Мёд в сотах 300 г;Мёд;5;6700
2026-08-18;Мёд в сотах 300 г;Мёд;1;1340
2026-08-19;Мёд в сотах 300 г;Мёд;4;5360
2026-08-20;Мёд в сотах 300 г;Мёд;2;2680
2026-08-21;Мёд в сотах 300 г;Мёд;3;4020
2026-08-22;Мёд в сотах 300 г;Мёд;3;4020
2026-08-23;Мёд в сотах 300 г;Мёд;11;14740
2026-08-24;Мёд в сотах 300 г;Мёд;7;9380
2026-08-25;Мёд в сотах 300 г;Мёд;6;8040
2026-08-26;Мёд в сотах 300 г;Мёд;9;12060
2026-08-27;Мёд в сотах 300 г;Мёд;3;4020
2026-08-28;Мёд в сотах 300 г;Мёд;5;6700
2026-08-29;Мёд в сотах 300 г;Мёд;6;8040
2026-08-30;Мёд в сотах 300 г;Мёд;4;5360
2026-08-31;Мёд в сотах 300 г;Мёд;4;5360
2026-09-01;Мёд в сотах 300 г;Мёд;4;5360
2026-09-02;Мёд в сотах 300 г;Мёд;2;2680
2026-09-03;Мёд в сотах 300 г;Мёд;4;5360
2026-09-04;Мёд в сотах 300 г;Мёд;2;2680
2026-09-05;Мёд в сотах 300 г;Мёд;1;1340
2026-09-06;Мёд в сотах 300 г;Мёд;6;8040
2026-09-07;Мёд в сотах 300 г;Мёд;5;6700
2026-09-08;Мёд в сотах 300 г;Мёд;3;4020
2026-09-09;Мёд в сотах 300 г;Мёд;6;8040
2026-09-10;Мёд в сотах 300 г;Мёд;3;4020
2026-09-11;Мёд в сотах 300 г;Мёд;6;8040
2026-09-13;Мёд в сотах 300 г;Мёд;6;8040
2026-09-14;Мёд в сотах 300 г;Мёд;7;9380
2026-09-15;Мёд в сотах 300 г;Мёд;4;5360
2026-09-16;Мёд в сотах 300 г;Мёд;5;6700
2026-09-17;Мёд в сотах 300 г;Мёд;2;2680
2026-09-18;Мёд в сотах 300 г;Мёд;7;9380
2026-09-19;Мёд в сотах 300 г;Мёд;5;6700
2026-09-20;Мёд в сотах 300 г;Мёд;4;5360
2026-09-21;Мёд в сотах 300 г;Мёд;4;5360
2026-09-22;Мёд в сотах 300 г;Мёд;8;10720
2026-09-23;Мёд в сотах 300 г;Мёд;2;2680
2026-09-24;Мёд в сотах 300 г;Мёд;4;5360
2026-09-25;Мёд в сотах 300 г;Мёд;3;4020
2026-09-26;Мёд в сотах 300 г;Мёд;4;5360
2026-09-27;Мёд в сотах 300 г;Мёд;5;6700
2026-09-28;Мёд в сотах 300 г;Мёд;2;2680
2026-09-29;Мёд в сотах 300 г;Мёд;6;8040
2026-09-30;Мёд в сотах 300 г;Мёд;7;9380
